id,admin,first_name,last_name,initial,class,grade,register,reg_date,username,email,cell
1,001-AB,Abhijith,Badari,AB,08L,08,L,2020-10-07,abadari,abadari@sla.co.ac,0821826637
2,002-AC,Adheer,Confait,AC,08L,08,L,2020-09-25,aconfait,aconfait@sla.co.ac,0827471579
3,003-AF,Adrian,Froud,AF,08L,08,L,2020-08-23,afroud,afroud@sla.co.ac,0822827764
4,004-AH,Aidan,Haviga,AH,08L,08,L,2020-04-12,ahaviga,ahaviga@sla.co.ac,0824882565
5,005-AI,Akshar,Ighalo,AI,08L,08,L,2020-02-30,aighalo,aighalo@sla.co.ac,0823501680
6,006-AJ,Alexander,Joubert,AJ,08L,08,L,2020-04-15,ajoubert,ajoubert@sla.co.ac,0829044749
7,007-AL,Alexis,Letsholo,AL,08L,08,L,2020-01-30,aletsholo,aletsholo@sla.co.ac,0823332419
8,008-AL,Alister,Levey,AL,08L,08,L,2020-06-02,alevey,alevey@sla.co.ac,0825006982
9,009-AL,Alre',Ludik,AL,08L,08,L,2020-01-10,aludik,aludik@sla.co.ac,0821887067
10,010-AM,Amahle,Matadin,AM,08L,08,L,2020-07-15,amatadin,amatadin@sla.co.ac,0828213517
11,011-AM,Amber,Meyi,AM,08L,08,L,2020-09-09,ameyi,ameyi@sla.co.ac,0820096709
12,012-AM,Angelique,Mochaka,AM,08L,08,L,2020-12-25,amochaka,amochaka@sla.co.ac,0825782094
13,013-AM,Annika,Mokoena,AM,08L,08,L,2020-02-26,amokoena,amokoena@sla.co.ac,0826812647
14,014-AN,Aquesha,Naidoo,AN,08L,08,L,2020-06-23,anaidoo,anaidoo@sla.co.ac,0827209632
15,015-AN,Armaan,Ndhlovu,AN,08L,08,L,2020-12-04,andhlovu,andhlovu@sla.co.ac,0828756792
16,016-AN,Arya,Norton,AN,08L,08,L,2020-07-13,anorton,anorton@sla.co.ac,0823525429
17,017-AR,Ashley,Roddan,AR,08L,08,L,2020-09-25,aroddan,aroddan@sla.co.ac,0828633898
18,018-AS,Ashley,Slabbert,AS,08L,08,L,2020-01-03,aslabbert,aslabbert@sla.co.ac,0826659103
19,019-AS,Avhan,Smallwood,AS,08L,08,L,2020-09-24,asmallwood,asmallwood@sla.co.ac,0822883287
20,020-AS,Ayden,Smith,AS,08L,08,L,2020-08-23,asmith,asmith@sla.co.ac,0829568892
21,021-AS,Aysha,Steenkamp,AS,08L,08,L,2020-10-14,asteenkamp,asteenkamp@sla.co.ac,0824699254
22,022-BT,Bianca,Tiltmann,BT,08L,08,L,2020-01-10,btiltmann,btiltmann@sla.co.ac,0820224328
23,023-BW,Boitumelo,Waite,BW,08L,08,L,2020-04-08,bwaite,bwaite@sla.co.ac,0829657979
24,024-BW,Bontle,Woodburn,BW,08L,08,L,2020-11-19,bwoodburn,bwoodburn@sla.co.ac,0820674246
25,025-BL,Brayden,Lottering,BL,08L,08,L,2020-07-03,blottering,blottering@sla.co.ac,0827429841
26,026-BA,Brian,Adams,BA,08M,08,M,2020-07-20,badams,badams@sla.co.ac,0820395691
27,027-BB,Brianagh,Baleta,BB,08M,08,M,2020-03-05,bbaleta,bbaleta@sla.co.ac,0823632418
28,028-BB,Bronwyn,Britz,BB,08M,08,M,2020-03-20,bbritz,bbritz@sla.co.ac,0826084333
29,029-CC,Caitanya,Clark,CC,08M,08,M,2020-10-15,cclark,cclark@sla.co.ac,0824076884
30,030-CE,Caity,Edmondson,CE,08M,08,M,2020-07-14,cedmondson,cedmondson@sla.co.ac,0823833157
31,031-CF,Charlton,Fourie,CF,08M,08,M,2020-03-13,cfourie,cfourie@sla.co.ac,0820639579
32,032-CJ,Charlyn,Jardim,CJ,08M,08,M,2020-07-03,cjardim,cjardim@sla.co.ac,0827583028
33,033-CJ,Chelsea,Jones,CJ,08M,08,M,2020-01-11,cjones,cjones@sla.co.ac,0825569244
34,034-CK,Chloe,Khan,CK,08M,08,M,2020-07-27,ckhan,ckhan@sla.co.ac,0828638725
35,035-CL,Cleomé,Liebenberg,CL,08M,08,M,2020-05-06,cliebenberg,cliebenberg@sla.co.ac,0820096751
36,036-CM,Colette,Malatji,CM,08M,08,M,2020-04-27,cmalatji,cmalatji@sla.co.ac,0829033764
37,037-CM,Corbyn,Marx,CM,08M,08,M,2020-03-28,cmarx,cmarx@sla.co.ac,0825729758
38,038-DM,Daelin,Matjila,DM,08M,08,M,2020-10-13,dmatjila,dmatjila@sla.co.ac,0824136333
39,039-DM,Danica,Morrey,DM,08M,08,M,2020-01-14,dmorrey,dmorrey@sla.co.ac,0820757850
40,040-DM,Daniel,Motsaanaka,DM,08M,08,M,2020-10-01,dmotsaanaka,dmotsaanaka@sla.co.ac,0822046460
41,041-DM,Daniel,Murimwa,DM,08M,08,M,2020-10-27,dmurimwa,dmurimwa@sla.co.ac,0829815473
42,042-DN,Daniella,Neto,DN,08M,08,M,2020-10-01,dneto,dneto@sla.co.ac,0825041307
43,043-DN,Dean,Nhlapo,DN,08M,08,M,2020-09-09,dnhlapo,dnhlapo@sla.co.ac,0823297044
44,044-DR,Declan,Roman,DR,08M,08,M,2020-07-04,droman,droman@sla.co.ac,0821054078
45,045-DR,Dehan,Rugnanan,DR,08M,08,M,2020-11-02,drugnanan,drugnanan@sla.co.ac,0823258727
46,046-DT,Denike,Taljaard,DT,08M,08,M,2020-02-03,dtaljaard,dtaljaard@sla.co.ac,0829226489
47,047-DV,Dillon,Verwey,DV,08M,08,M,2020-04-18,dverwey,dverwey@sla.co.ac,0822745008
48,048-DW,Dimpho,Waite,DW,08M,08,M,2020-08-02,dwaite,dwaite@sla.co.ac,0824509832
49,049-DZ,Don- Clayton,Zwane,DZ,08M,08,M,2020-07-21,dzwane,dzwane@sla.co.ac,0820806920
50,050-DB,Donald,Botha,DB,09M,09,M,2019-05-03,dbotha,dbotha@sla.co.ac,0826645916
51,051-DC,Duncan,Coetzee,DC,09M,09,M,2019-08-14,dcoetzee,dcoetzee@sla.co.ac,0826169659
52,052-DD,Dylan,De Sas Kropiwnicki,DD,09M,09,M,2019-07-24,dde sas kropiwnicki,dde sas kropiwnicki@sla.co.ac,0825605844
53,053-DH,Dylan,Hadebe,DH,09M,09,M,2019-08-26,dhadebe,dhadebe@sla.co.ac,0822753937
54,054-DH,Dylan,Horton,DH,09M,09,M,2019-05-30,dhorton,dhorton@sla.co.ac,0825609417
55,055-DJ,Dylan,Jacobs,DJ,09M,09,M,2019-08-04,djacobs,djacobs@sla.co.ac,0823964467
56,056-DJ,Dzunisani,Jeftha,DJ,09M,09,M,2019-04-17,djeftha,djeftha@sla.co.ac,0820438452
57,057-EK,Emma,Kwinika,EK,09M,09,M,2019-11-03,ekwinika,ekwinika@sla.co.ac,0821748894
58,058-EL,Enrico,Lukhele,EL,09M,09,M,2019-02-21,elukhele,elukhele@sla.co.ac,0829603198
59,059-EM,Ethan,Makowe,EM,09M,09,M,2019-08-10,emakowe,emakowe@sla.co.ac,0824841993
60,060-EM,Ethan,Masemola,EM,09M,09,M,2019-10-13,emasemola,emasemola@sla.co.ac,0825589227
61,061-FM,Fabio,Maziku,FM,09M,09,M,2019-11-29,fmaziku,fmaziku@sla.co.ac,0827851053
62,062-FM,Faith,Mokoena,FM,09M,09,M,2019-03-26,fmokoena,fmokoena@sla.co.ac,0825340145
63,063-GM,Gabriella,Munezi,GM,09M,09,M,2019-06-22,gmunezi,gmunezi@sla.co.ac,0823252615
64,064-GN,Gareth,Naidoo,GN,09M,09,M,2019-04-29,gnaidoo,gnaidoo@sla.co.ac,0826251438
65,065-HN,Hailey,Nyembe,HN,09M,09,M,2019-02-08,hnyembe,hnyembe@sla.co.ac,0828483961
66,066-HP,Hannah,Padayachee,HP,09M,09,M,2019-10-11,hpadayachee,hpadayachee@sla.co.ac,0829097876
67,067-HP,Heidi,Phasha,HP,09M,09,M,2019-01-02,hphasha,hphasha@sla.co.ac,0824338255
68,068-HP,Henna,Pietersen,HP,09M,09,M,2019-10-18,hpietersen,hpietersen@sla.co.ac,0823965130
69,069-HP,Henry,Poulton,HP,09M,09,M,2019-08-20,hpoulton,hpoulton@sla.co.ac,0826701388
70,070-HS,Hlengiwe,Samigramni,HS,09M,09,M,2019-05-12,hsamigramni,hsamigramni@sla.co.ac,0828265416
71,071-HS,Hope,Serage,HS,09M,09,M,2019-03-23,hserage,hserage@sla.co.ac,0824462940
72,072-IS,Isabelle,Solomons,IS,09M,09,M,2019-10-27,isolomons,isolomons@sla.co.ac,0823641513
73,073-IT,Itumeleng,Tetsa,IT,09M,09,M,2019-12-27,itetsa,itetsa@sla.co.ac,0827102218
74,074-JT,Jaelynn,Tladi,JT,09M,09,M,2019-05-11,jtladi,jtladi@sla.co.ac,0829341871
75,075-JA,Jaimie,Aphane,JA,09R,09,R,2019-01-09,japhane,japhane@sla.co.ac,0827528706
76,076-JC,Jamie,Carstens,JC,09R,09,R,2019-08-03,jcarstens,jcarstens@sla.co.ac,0829471696
77,077-JF,Jayden,Fischer,JF,09R,09,R,2019-10-20,jfischer,jfischer@sla.co.ac,0820442325
78,078-JF,Jenna,Fourie,JF,09R,09,R,2019-04-29,jfourie,jfourie@sla.co.ac,0823179646
79,079-JG,Jennifer,Grobler,JG,09R,09,R,2019-11-14,jgrobler,jgrobler@sla.co.ac,0827133496
80,080-JH,Jodi,Hlophe,JH,09R,09,R,2019-06-24,jhlophe,jhlophe@sla.co.ac,0821507754
81,081-JI,Joelle,Ighalo,JI,09R,09,R,2019-12-03,jighalo,jighalo@sla.co.ac,0820429431
82,082-JK,Jonathan,Khoza,JK,09R,09,R,2019-10-04,jkhoza,jkhoza@sla.co.ac,0825854873
83,083-JL,Jordan,Landsberg,JL,09R,09,R,2019-06-25,jlandsberg,jlandsberg@sla.co.ac,0829805196
84,084-JM,Josh,Malatji,JM,09R,09,R,2019-06-30,jmalatji,jmalatji@sla.co.ac,0824110465
85,085-JM,Joshua,Malebana,JM,09R,09,R,2019-07-21,jmalebana,jmalebana@sla.co.ac,0827047739
86,086-JM,Joshua,Matshoba,JM,09R,09,R,2019-08-02,jmatshoba,jmatshoba@sla.co.ac,0824039652
87,087-JM,Joshua,Molalugi,JM,09R,09,R,2019-10-11,jmolalugi,jmolalugi@sla.co.ac,0824777900
88,088-KM,Kamogelo Cristi,Mukwe,KM,09R,09,R,2019-10-21,kmukwe,kmukwe@sla.co.ac,0824112636
89,089-KN,Katlego,Ndlela,KN,09R,09,R,2019-04-30,kndlela,kndlela@sla.co.ac,0825750124
90,090-KO,Katlego,Oxley,KO,09R,09,R,2019-05-20,koxley,koxley@sla.co.ac,0826989786
91,091-KP,Kayleigh,Pailman,KP,09R,09,R,2019-10-12,kpailman,kpailman@sla.co.ac,0821201319
92,092-KR,Keatlehile,Rall,KR,09R,09,R,2019-02-14,krall,krall@sla.co.ac,0826117105
93,093-KR,Keegan,Ramchuran,KR,09R,09,R,2019-02-08,kramchuran,kramchuran@sla.co.ac,0821845695
94,094-KR,Keya,Ramlakan,KR,09R,09,R,2019-07-29,kramlakan,kramlakan@sla.co.ac,0826431970
95,095-KS,Keyla,Smal,KS,09R,09,R,2019-07-07,ksmal,ksmal@sla.co.ac,0828280630
96,096-KS,Kgomaretsane,Sukdaven,KS,09R,09,R,2019-07-26,ksukdaven,ksukdaven@sla.co.ac,0823560717
97,097-KB,Kgothatso,Barnes,KB,10H,10,H,2018-11-27,kbarnes,kbarnes@sla.co.ac,0820783477
98,098-KB,Khiwe,Brown,KB,10H,10,H,2018-01-24,kbrown,kbrown@sla.co.ac,0821653895
99,099-KD,Kim,De Klerk,KD,10H,10,H,2018-01-06,kde klerk,kde klerk@sla.co.ac,0828915239
100,100-KG,Kirsten,Gewanlal,KG,10H,10,H,2018-09-04,kgewanlal,kgewanlal@sla.co.ac,0820508836
101,101-KL,Kristen,Liebenberg,KL,10H,10,H,2018-04-19,kliebenberg,kliebenberg@sla.co.ac,0822632248
102,102-KM,Kwanele,Maharaj,KM,10H,10,H,2018-11-24,kmaharaj,kmaharaj@sla.co.ac,0820508844
103,103-KM,Kyle,Malefofana,KM,10H,10,H,2018-11-26,kmalefofana,kmalefofana@sla.co.ac,0821321364
104,104-LM,Leano,Matlhake,LM,10H,10,H,2018-05-21,lmatlhake,lmatlhake@sla.co.ac,0822066376
105,105-LM,Lesedi,Mavengedza,LM,10H,10,H,2018-12-13,lmavengedza,lmavengedza@sla.co.ac,0825722650
106,106-LM,Lesedi,Mokgatle,LM,10H,10,H,2018-04-26,lmokgatle,lmokgatle@sla.co.ac,0827868479
107,107-LM,Lesedi,Mtetwa,LM,10H,10,H,2018-07-30,lmtetwa,lmtetwa@sla.co.ac,0820587226
108,108-LN,Lethabo,Naidoo,LN,10H,10,H,2018-09-16,lnaidoo,lnaidoo@sla.co.ac,0829167559
109,109-LN,Liam,Narain Singh,LN,10H,10,H,2018-03-19,lnarain singh,lnarain singh@sla.co.ac,0829571855
110,110-LN,Liam,Neave,LN,10H,10,H,2018-07-18,lneave,lneave@sla.co.ac,0822455379
111,111-LP,Liam,Pillay,LP,10H,10,H,2018-06-04,lpillay,lpillay@sla.co.ac,0825137850
112,112-MR,Madison,Ramugumo,MR,10H,10,H,2018-01-01,mramugumo,mramugumo@sla.co.ac,0829413371
113,113-MR,Malina,Reddy,MR,10H,10,H,2018-11-23,mreddy,mreddy@sla.co.ac,0823380830
114,114-MS,Mamello,Spohr,MS,10H,10,H,2018-10-25,mspohr,mspohr@sla.co.ac,0824356472
115,115-MV,Manuel,Vanda,MV,10H,10,H,2018-11-14,mvanda,mvanda@sla.co.ac,0822162194
116,116-MW,Mary,Wanga,MW,10H,10,H,2018-06-12,mwanga,mwanga@sla.co.ac,0826928243
117,117-MB,Mbali,Bambata,MB,10S,10,S,2018-11-21,mbambata,mbambata@sla.co.ac,0823642896
118,118-MC,Mbali,Clarke,MC,10S,10,S,2018-05-27,mclarke,mclarke@sla.co.ac,0826773237
119,119-MD,Megan,Davis,MD,10S,10,S,2018-12-04,mdavis,mdavis@sla.co.ac,0826996837
120,120-Md,Melchior,de Nysschen,Md,10S,10,S,2018-12-11,mde nysschen,mde nysschen@sla.co.ac,0825162390
121,121-ME,Melissa,Elphick,ME,10S,10,S,2018-05-23,melphick,melphick@sla.co.ac,0824352280
122,122-MF,Melissa,Fick,MF,10S,10,S,2018-08-29,mfick,mfick@sla.co.ac,0824864874
123,123-MM,Michael,Machete,MM,10S,10,S,2018-07-23,mmachete,mmachete@sla.co.ac,0822234790
124,124-MM,Michala,McKenna,MM,10S,10,S,2018-01-09,mmckenna,mmckenna@sla.co.ac,0821105286
125,125-MM,Miguel,Mkhabela,MM,10S,10,S,2018-06-20,mmkhabela,mmkhabela@sla.co.ac,0820409979
126,126-MM,Mkateko,Mkhonta,MM,10S,10,S,2018-01-13,mmkhonta,mmkhonta@sla.co.ac,0829625069
127,127-MM,Mohlodi,Molobi,MM,10S,10,S,2018-03-06,mmolobi,mmolobi@sla.co.ac,0826985762
128,128-MN,Molebogeng,Naidu,MN,10S,10,S,2018-06-01,mnaidu,mnaidu@sla.co.ac,0827307869
129,129-MN,Morgan,Nene,MN,10S,10,S,2018-09-05,mnene,mnene@sla.co.ac,0821346918
130,130-MN,Mosibudi,Nhlapo,MN,10S,10,S,2018-10-05,mnhlapo,mnhlapo@sla.co.ac,0828136173
131,131-MP,Mpilo,Pontes,MP,10S,10,S,2018-12-03,mpontes,mpontes@sla.co.ac,0823821388
132,132-MR,Musa,Radebe,MR,10S,10,S,2018-05-24,mradebe,mradebe@sla.co.ac,0826591828
133,133-MV,Musa,VanderMerwe,MV,10S,10,S,2018-03-11,mvandermerwe,mvandermerwe@sla.co.ac,0826912728
134,134-NW,Nakita,Weston,NW,10S,10,S,2018-01-05,nweston,nweston@sla.co.ac,0821412646
135,135-ND,Nathan,Dias,ND,11F,11,F,2017-05-13,ndias,ndias@sla.co.ac,0820124774
136,136-NJ,Nathan,JansevanRensburg,NJ,11F,11,F,2017-07-11,njansevanrensburg,njansevanrensburg@sla.co.ac,0823866411
137,137-NK,Neesan,Kose,NK,11F,11,F,2017-11-15,nkose,nkose@sla.co.ac,0825274481
138,138-NM,Neha,Malapile,NM,11F,11,F,2017-09-16,nmalapile,nmalapile@sla.co.ac,0828217003
139,139-NM,Nikhl,Maloma,NM,11F,11,F,2017-12-29,nmaloma,nmaloma@sla.co.ac,0828249723
140,140-NM,Nkhensani,Manyakoana,NM,11F,11,F,2017-10-21,nmanyakoana,nmanyakoana@sla.co.ac,0820248604
141,141-NM,Nolwazi,Martiens,NM,11F,11,F,2017-01-04,nmartiens,nmartiens@sla.co.ac,0823746317
142,142-NM,Nonjabulo,Moloi,NM,11F,11,F,2017-07-26,nmoloi,nmoloi@sla.co.ac,0823127180
143,143-NN,Ntobeko,Nainaar,NN,11F,11,F,2017-11-03,nnainaar,nnainaar@sla.co.ac,0828993787
144,144-NN,Ntokozo,Nhlapo,NN,11F,11,F,2017-04-11,nnhlapo,nnhlapo@sla.co.ac,0828544143
145,145-NR,Nwabisa,Richter,NR,11F,11,F,2017-01-17,nrichter,nrichter@sla.co.ac,0823229504
146,146-OR,Odwa,Rozycki,OR,11F,11,F,2017-05-15,orozycki,orozycki@sla.co.ac,0822768371
147,147-OS,Olwethu,Seebran,OS,11F,11,F,2017-01-15,oseebran,oseebran@sla.co.ac,0824769042
148,148-OS,Ongratile,Sequeira,OS,11F,11,F,2017-12-02,osequeira,osequeira@sla.co.ac,0827532868
149,149-OS,Onika,Singh,OS,11F,11,F,2017-02-26,osingh,osingh@sla.co.ac,0821066036
150,150-OS,Ora,Smit,OS,11F,11,F,2017-07-14,osmit,osmit@sla.co.ac,0825039507
151,151-OS,Owethu,Strydom,OS,11F,11,F,2017-04-10,ostrydom,ostrydom@sla.co.ac,0826236179
152,152-PV,Palesa,Van Eyk,PV,11F,11,F,2017-10-05,pvan eyk,pvan eyk@sla.co.ac,0825613846
153,153-RV,Remo,Van Niekerk,RV,11F,11,F,2017-04-02,rvan niekerk,rvan niekerk@sla.co.ac,0820334412
154,154-RB,Robyn,Baloyi,RB,11L,11,L,2017-08-25,rbaloyi,rbaloyi@sla.co.ac,0822273498
155,155-RB,Robyn,Bassog,RB,11L,11,L,2017-07-27,rbassog,rbassog@sla.co.ac,0829482496
156,156-RC,Rudheer,Clark,RC,11L,11,L,2017-03-12,rclark,rclark@sla.co.ac,0827867294
157,157-RC,Ryan,Coetzee,RC,11L,11,L,2017-07-13,rcoetzee,rcoetzee@sla.co.ac,0823109902
158,158-SD,Samaira,De Wet,SD,11L,11,L,2017-08-15,sde wet,sde wet@sla.co.ac,0823850037
159,159-SD,Samkelisiwe,Dlamini,SD,11L,11,L,2017-01-20,sdlamini,sdlamini@sla.co.ac,0828423700
160,160-SG,Sanda,Gaffney,SG,11L,11,L,2017-11-01,sgaffney,sgaffney@sla.co.ac,0826142113
161,161-SG,Sarah,Govender,SG,11L,11,L,2017-08-19,sgovender,sgovender@sla.co.ac,0824831608
162,162-SH,Schweta,Haviga,SH,11L,11,L,2017-05-08,shaviga,shaviga@sla.co.ac,0820155138
163,163-SJ,Sean,Jakavula,SJ,11L,11,L,2017-01-28,sjakavula,sjakavula@sla.co.ac,0825526401
164,164-SJ,Seleenah,Jerry,SJ,11L,11,L,2017-05-29,sjerry,sjerry@sla.co.ac,0825037063
165,165-SM,Sello Jnr,Mills,SM,11L,11,L,2017-02-18,smills,smills@sla.co.ac,0828217858
166,166-SM,Shaariq,Mojapelo,SM,11L,11,L,2017-01-16,smojapelo,smojapelo@sla.co.ac,0828694409
167,167-SM,Shae,Mokoena,SM,11L,11,L,2017-11-25,smokoena,smokoena@sla.co.ac,0826776864
168,168-SM,Shannon,Monyanyedi,SM,11L,11,L,2017-12-08,smonyanyedi,smonyanyedi@sla.co.ac,0820915923
169,169-SS,Shihaab,Sebata,SS,11L,11,L,2017-11-29,ssebata,ssebata@sla.co.ac,0822776675
170,170-SS,Shravan,Smith,SS,11L,11,L,2017-07-02,ssmith,ssmith@sla.co.ac,0820223840
171,171-ST,Shriadh,Themba,ST,11L,11,L,2017-06-16,sthemba,sthemba@sla.co.ac,0821046202
172,172-SZ,Siamkele,Zwane,SZ,11L,11,L,2017-03-24,szwane,szwane@sla.co.ac,0820247061
173,173-SD,Siphesihle,De Grandi Sala,SD,12G,12,G,2016-04-23,sde grandi sala,sde grandi sala@sla.co.ac,0827749725
174,174-SD,Siya,Delaport,SD,12G,12,G,2016-03-05,sdelaport,sdelaport@sla.co.ac,0820344356
175,175-SD,Siyamthanda,Delport,SD,12G,12,G,2016-03-26,sdelport,sdelport@sla.co.ac,0820809595
176,176-TF,Tapuwa,Fairhurst,TF,12G,12,G,2016-05-21,tfairhurst,tfairhurst@sla.co.ac,0828157151
177,177-TG,Tashline,Gibson,TG,12G,12,G,2016-02-04,tgibson,tgibson@sla.co.ac,0823726660
178,178-TG,Taylor,Ginn,TG,12G,12,G,2016-11-06,tginn,tginn@sla.co.ac,0821487926
179,179-TK,Thandiswa,Khan,TK,12G,12,G,2016-08-19,tkhan,tkhan@sla.co.ac,0820892431
180,180-TK,Thando,Komane,TK,12G,12,G,2016-02-12,tkomane,tkomane@sla.co.ac,0826276452
181,181-TM,Thando,Masondo,TM,12G,12,G,2016-08-09,tmasondo,tmasondo@sla.co.ac,0822167553
182,182-TN,Thapelo,Naidoo,TN,12G,12,G,2016-12-23,tnaidoo,tnaidoo@sla.co.ac,0829032452
183,183-TR,Thati,Ramjattan,TR,12G,12,G,2016-02-11,tramjattan,tramjattan@sla.co.ac,0820771118
184,184-TS,Thato,Shampandle,TS,12G,12,G,2016-03-29,tshampandle,tshampandle@sla.co.ac,0824099682
185,185-TS,Thato,Smallwood,TS,12G,12,G,2016-07-08,tsmallwood,tsmallwood@sla.co.ac,0823476477
186,186-TT,Thelma,Tantsi,TT,12G,12,G,2016-12-28,ttantsi,ttantsi@sla.co.ac,0822672643
187,187-TV,TJ,Vass,TV,12G,12,G,2016-01-22,tvass,tvass@sla.co.ac,0824854219
188,188-TB,Travis,Beach,TB,12R,12,R,2016-09-01,tbeach,tbeach@sla.co.ac,0821563133
189,189-TD,Tristen,Dhanasir,TD,12R,12,R,2016-05-18,tdhanasir,tdhanasir@sla.co.ac,0829356355
190,190-TD,Tshepo,Dhladhla,TD,12R,12,R,2016-08-03,tdhladhla,tdhladhla@sla.co.ac,0822499340
191,191-TD,Tshiala,Dhunraj,TD,12R,12,R,2016-02-15,tdhunraj,tdhunraj@sla.co.ac,0827133184
192,192-TF,Tshiamo,Fella,TF,12R,12,R,2016-10-19,tfella,tfella@sla.co.ac,0829303356
193,193-TH,Tumeshen,Hadebe,TH,12R,12,R,2016-12-21,thadebe,thadebe@sla.co.ac,0825487905
194,194-TK,Tumi,Kitchener,TK,12R,12,R,2016-01-01,tkitchener,tkitchener@sla.co.ac,0821273035
195,195-TM,Tumisho,Malapela,TM,12R,12,R,2016-07-11,tmalapela,tmalapela@sla.co.ac,0829051141
196,196-TM,Tyler,Morrey,TM,12R,12,R,2016-08-04,tmorrey,tmorrey@sla.co.ac,0829780470
197,197-VM,Vuyo,Mothekhe,VM,12R,12,R,2016-03-22,vmothekhe,vmothekhe@sla.co.ac,0826810950
198,198-WM,Warrick,Mtetwa,WM,12R,12,R,2016-02-28,wmtetwa,wmtetwa@sla.co.ac,0824953500
199,199-WN,Wonolan,Nkente,WN,12R,12,R,2016-08-28,wnkente,wnkente@sla.co.ac,0821160931
200,200-ZS,Zanele,Shilenge,ZS,12R,12,R,2016-03-12,zshilenge,zshilenge@sla.co.ac,0826119456
201,201-ZS,Zinhle,Stappard,ZS,12R,12,R,2016-10-29,zstappard,zstappard@sla.co.ac,0827687154
202,202-ZV,Zitha,VanGreunen,ZV,12R,12,R,2016-03-09,zvangreunen,zvangreunen@sla.co.ac,0822941703
203,203-ZA,Zwane,Adams,ZA,08L,08,A,2017-12-29,zadams,zadams@sla.co.ac,0826695204
204,204-ZA,Zwane,Aphane,ZA,08L,08,A,2018-02-12,zaphane,zaphane@sla.co.ac,0828453660
205,205-WB,Woodburn,Badari,WB,08L,08,A,2019-12-27,wbadari,wbadari@sla.co.ac,0829589293
206,206-WB,Weston,Baleta,WB,08L,08,A,2020-08-13,wbaleta,wbaleta@sla.co.ac,0828358649
207,207-WB,Wanga,Baloyi,WB,08L,08,A,2021-10-23,wbaloyi,wbaloyi@sla.co.ac,0821594247
208,208-WB,Waite,Bambata,WB,08L,08,A,2022-03-25,wbambata,wbambata@sla.co.ac,0822776648
209,209-WB,Waite,Barnes,WB,08L,08,A,2023-05-20,wbarnes,wbarnes@sla.co.ac,0828910066
210,210-VB,Verwey,Bassog,VB,08L,08,A,2024-12-20,vbassog,vbassog@sla.co.ac,0825323675
211,211-VB,Vass,Beach,VB,08L,08,A,2025-01-29,vbeach,vbeach@sla.co.ac,0825788264
212,212-VB,VanGreunen,Botha,VB,08L,08,A,2026-03-22,vbotha,vbotha@sla.co.ac,0825291713
213,213-VB,VanderMerwe,Britz,VB,08L,08,A,2027-11-28,vbritz,vbritz@sla.co.ac,0827693915
214,214-VB,Vanda,Brown,VB,08L,08,A,2028-11-01,vbrown,vbrown@sla.co.ac,0820715819
215,215-VC,Van Niekerk,Carstens,VC,08L,08,A,2029-01-06,vcarstens,vcarstens@sla.co.ac,0820142813
216,216-VC,Van Eyk,Clark,VC,08L,08,A,2030-06-05,vclark,vclark@sla.co.ac,0820912347
217,217-TC,Tladi,Clark,TC,08L,08,A,2031-12-30,tclark,tclark@sla.co.ac,0827410425
218,218-TC,Tiltmann,Clarke,TC,08L,08,A,2032-01-09,tclarke,tclarke@sla.co.ac,0820416968
219,219-TC,Themba,Coetzee,TC,08L,08,A,2033-12-01,tcoetzee,tcoetzee@sla.co.ac,0823418660
220,220-TC,Tetsa,Coetzee,TC,08L,08,A,2034-12-01,tcoetzee,tcoetzee@sla.co.ac,0826642464
221,221-TC,Tantsi,Confait,TC,08L,08,A,2035-10-07,tconfait,tconfait@sla.co.ac,0828913555
222,222-TD,Taljaard,Davis,TD,08L,08,A,2036-03-03,tdavis,tdavis@sla.co.ac,0829699890
223,223-SD,Sukdaven,De Grandi Sala,SD,08L,08,A,2037-12-01,sde grandi sala,sde grandi sala@sla.co.ac,0823177095
224,224-SD,Strydom,De Klerk,SD,08L,08,A,2038-07-01,sde klerk,sde klerk@sla.co.ac,0822638997
225,225-Sd,Steenkamp,de Nysschen,Sd,08L,08,A,2039-07-16,sde nysschen,sde nysschen@sla.co.ac,0825927741
226,226-SD,Stappard,De Sas Kropiwnicki,SD,08L,08,A,2040-06-11,sde sas kropiwnicki,sde sas kropiwnicki@sla.co.ac,0828009109
227,227-SD,Spohr,De Wet,SD,08L,08,A,2041-10-21,sde wet,sde wet@sla.co.ac,0820373296
228,228-SD,Solomons,Delaport,SD,08M,08,B,2042-08-12,sdelaport,sdelaport@sla.co.ac,0820747030
229,229-SD,Smith,Delport,SD,08M,08,B,2043-06-25,sdelport,sdelport@sla.co.ac,0827606400
230,230-SD,Smith,Dhanasir,SD,08M,08,B,2044-10-07,sdhanasir,sdhanasir@sla.co.ac,0824265243
231,231-SD,Smit,Dhladhla,SD,08M,08,B,2045-03-27,sdhladhla,sdhladhla@sla.co.ac,0823959809
232,232-SD,Smallwood,Dhunraj,SD,08M,08,B,2046-01-05,sdhunraj,sdhunraj@sla.co.ac,0827285085
233,233-SD,Smallwood,Dias,SD,08M,08,B,2047-04-03,sdias,sdias@sla.co.ac,0823470062
234,234-SD,Smal,Dlamini,SD,08M,08,B,2048-04-02,sdlamini,sdlamini@sla.co.ac,0827725732
235,235-SE,Slabbert,Edmondson,SE,08M,08,B,2049-12-08,sedmondson,sedmondson@sla.co.ac,0822768023
236,236-SE,Singh,Elphick,SE,08M,08,B,2050-08-03,selphick,selphick@sla.co.ac,0820576338
237,237-SF,Shilenge,Fairhurst,SF,08M,08,B,2051-10-17,sfairhurst,sfairhurst@sla.co.ac,0828687262
238,238-SF,Shampandle,Fella,SF,08M,08,B,2052-02-23,sfella,sfella@sla.co.ac,0824147696
239,239-SF,Serage,Fick,SF,08M,08,B,2053-02-23,sfick,sfick@sla.co.ac,0821096789
240,240-SF,Sequeira,Fischer,SF,08M,08,B,2054-07-26,sfischer,sfischer@sla.co.ac,0824428569
241,241-SF,Seebran,Fourie,SF,08M,08,B,2055-11-19,sfourie,sfourie@sla.co.ac,0822244996
242,242-SF,Sebata,Fourie,SF,08M,08,B,2056-07-13,sfourie,sfourie@sla.co.ac,0820957776
243,243-SF,Samigramni,Froud,SF,08M,08,B,2057-10-28,sfroud,sfroud@sla.co.ac,0825600439
244,244-RG,Rugnanan,Gaffney,RG,08M,08,B,2058-05-04,rgaffney,rgaffney@sla.co.ac,0826620247
245,245-RG,Rozycki,Gewanlal,RG,08M,08,B,2059-01-15,rgewanlal,rgewanlal@sla.co.ac,0820461265
246,246-RG,Roman,Gibson,RG,08M,08,B,2060-10-28,rgibson,rgibson@sla.co.ac,0827050491
247,247-RG,Roddan,Ginn,RG,08M,08,B,2061-01-17,rginn,rginn@sla.co.ac,0822348809
248,248-RG,Richter,Govender,RG,08M,08,B,2062-12-19,rgovender,rgovender@sla.co.ac,0826291299
249,249-RG,Reddy,Grobler,RG,08M,08,B,2063-02-19,rgrobler,rgrobler@sla.co.ac,0822749386
250,250-RH,Ramugumo,Hadebe,RH,08M,08,B,2064-12-23,rhadebe,rhadebe@sla.co.ac,0822064524
251,251-RH,Ramlakan,Hadebe,RH,08M,08,B,2065-10-29,rhadebe,rhadebe@sla.co.ac,0826317436
252,252-RH,Ramjattan,Haviga,RH,09M,09,C,2066-01-20,rhaviga,rhaviga@sla.co.ac,0829052101
253,253-RH,Ramchuran,Haviga,RH,09M,09,C,2067-10-24,rhaviga,rhaviga@sla.co.ac,0828253654
254,254-RH,Rall,Hlophe,RH,09M,09,C,2068-04-25,rhlophe,rhlophe@sla.co.ac,0824031440
255,255-RH,Radebe,Horton,RH,09M,09,C,2069-10-13,rhorton,rhorton@sla.co.ac,0824290879
256,256-PI,Poulton,Ighalo,PI,09M,09,C,2070-02-01,pighalo,pighalo@sla.co.ac,0826813489
257,257-PI,Pontes,Ighalo,PI,09M,09,C,2071-07-24,pighalo,pighalo@sla.co.ac,0825721160
258,258-PJ,Pillay,Jacobs,PJ,09M,09,C,2072-01-26,pjacobs,pjacobs@sla.co.ac,0826028672
259,259-PJ,Pietersen,Jakavula,PJ,09M,09,C,2073-11-03,pjakavula,pjakavula@sla.co.ac,0828698975
260,260-PJ,Phasha,JansevanRensburg,PJ,09M,09,C,2074-06-25,pjansevanrensburg,pjansevanrensburg@sla.co.ac,0820665938
261,261-PJ,Pailman,Jardim,PJ,09M,09,C,2075-11-27,pjardim,pjardim@sla.co.ac,0820736310
262,262-PJ,Padayachee,Jeftha,PJ,09M,09,C,2076-12-18,pjeftha,pjeftha@sla.co.ac,0825442303
263,263-OJ,Oxley,Jerry,OJ,09M,09,C,2077-10-13,ojerry,ojerry@sla.co.ac,0829683789
264,264-NJ,Nyembe,Jones,NJ,09M,09,C,2078-06-18,njones,njones@sla.co.ac,0825893312
265,265-NJ,Norton,Joubert,NJ,09M,09,C,2079-12-22,njoubert,njoubert@sla.co.ac,0825757899
266,266-NK,Nkente,Khan,NK,09M,09,C,2080-10-08,nkhan,nkhan@sla.co.ac,0823258980
267,267-NK,Nhlapo,Khan,NK,09M,09,C,2081-07-16,nkhan,nkhan@sla.co.ac,0825820778
268,268-NK,Nhlapo,Khoza,NK,09M,09,C,2082-05-09,nkhoza,nkhoza@sla.co.ac,0828615978
269,269-NK,Nhlapo,Kitchener,NK,09M,09,C,2083-02-02,nkitchener,nkitchener@sla.co.ac,0823484908
270,270-NK,Neto,Komane,NK,09M,09,C,2084-11-23,nkomane,nkomane@sla.co.ac,0823228574
271,271-NK,Nene,Kose,NK,09M,09,C,2085-11-11,nkose,nkose@sla.co.ac,0820676162
272,272-NK,Neave,Kwinika,NK,09M,09,C,2086-09-07,nkwinika,nkwinika@sla.co.ac,0820886946
273,273-NL,Ndlela,Landsberg,NL,09M,09,C,2087-09-16,nlandsberg,nlandsberg@sla.co.ac,0829638865
274,274-NL,Ndhlovu,Letsholo,NL,09M,09,C,2088-07-04,nletsholo,nletsholo@sla.co.ac,0820977819
275,275-NL,Narain Singh,Levey,NL,09M,09,C,2089-07-14,nlevey,nlevey@sla.co.ac,0820516708
276,276-NL,Nainaar,Liebenberg,NL,09M,09,D,2090-06-15,nliebenberg,nliebenberg@sla.co.ac,0821603643
277,277-NL,Naidu,Liebenberg,NL,09R,09,D,2091-11-25,nliebenberg,nliebenberg@sla.co.ac,0822913845
278,278-NL,Naidoo,Lottering,NL,09R,09,D,2092-10-11,nlottering,nlottering@sla.co.ac,0820401430
279,279-NL,Naidoo,Ludik,NL,09R,09,D,2093-01-28,nludik,nludik@sla.co.ac,0822366435
280,280-NL,Naidoo,Lukhele,NL,09R,09,D,2094-08-06,nlukhele,nlukhele@sla.co.ac,0822407038
281,281-NM,Naidoo,Machete,NM,09R,09,D,2095-07-12,nmachete,nmachete@sla.co.ac,0829266900
282,282-MM,Murimwa,Maharaj,MM,09R,09,D,2096-01-26,mmaharaj,mmaharaj@sla.co.ac,0821381551
283,283-MM,Munezi,Makowe,MM,09R,09,D,2097-04-10,mmakowe,mmakowe@sla.co.ac,0828437057
284,284-MM,Mukwe,Malapela,MM,09R,09,D,2098-12-17,mmalapela,mmalapela@sla.co.ac,0828065940
285,285-MM,Mtetwa,Malapile,MM,09R,09,D,2099-05-01,mmalapile,mmalapile@sla.co.ac,0820452325
286,286-MM,Mtetwa,Malatji,MM,09R,09,D,2100-08-17,mmalatji,mmalatji@sla.co.ac,0827504047
287,287-MM,Motsaanaka,Malatji,MM,09R,09,D,2101-08-15,mmalatji,mmalatji@sla.co.ac,0822773728
288,288-MM,Mothekhe,Malebana,MM,09R,09,D,2102-11-06,mmalebana,mmalebana@sla.co.ac,0820098738
289,289-MM,Morrey,Malefofana,MM,09R,09,D,2103-07-18,mmalefofana,mmalefofana@sla.co.ac,0825145740
290,290-MM,Morrey,Maloma,MM,09R,09,D,2104-05-22,mmaloma,mmaloma@sla.co.ac,0822450704
291,291-MM,Monyanyedi,Manyakoana,MM,09R,09,D,2105-01-22,mmanyakoana,mmanyakoana@sla.co.ac,0824915955
292,292-MM,Moloi,Martiens,MM,09R,09,D,2106-01-10,mmartiens,mmartiens@sla.co.ac,0826190733
293,293-MM,Molobi,Marx,MM,09R,09,D,2107-12-10,mmarx,mmarx@sla.co.ac,0820498220
294,294-MM,Molalugi,Masemola,MM,09R,09,D,2108-06-14,mmasemola,mmasemola@sla.co.ac,0827064629
295,295-MM,Mokoena,Masondo,MM,09R,09,D,2109-04-22,mmasondo,mmasondo@sla.co.ac,0829018699
296,296-MM,Mokoena,Matadin,MM,09R,09,D,2110-01-20,mmatadin,mmatadin@sla.co.ac,0824673307
297,297-MM,Mokoena,Matjila,MM,09R,09,D,2111-04-23,mmatjila,mmatjila@sla.co.ac,0823747567
298,298-MM,Mokgatle,Matlhake,MM,09R,09,D,2112-01-23,mmatlhake,mmatlhake@sla.co.ac,0822338935
299,299-MM,Mojapelo,Matshoba,MM,10H,10,E,2113-11-28,mmatshoba,mmatshoba@sla.co.ac,0820819133
300,300-MM,Mochaka,Mavengedza,MM,10H,10,E,2114-06-08,mmavengedza,mmavengedza@sla.co.ac,0823405733
301,301-MM,Mkhonta,Maziku,MM,10H,10,E,2115-02-09,mmaziku,mmaziku@sla.co.ac,0823510022
302,302-MM,Mkhabela,McKenna,MM,10H,10,E,2116-04-04,mmckenna,mmckenna@sla.co.ac,0824383874
303,303-MM,Mills,Meyi,MM,10H,10,E,2117-05-28,mmeyi,mmeyi@sla.co.ac,0829508917
304,304-MM,Meyi,Mills,MM,10H,10,E,2118-08-27,mmills,mmills@sla.co.ac,0827839479
305,305-MM,McKenna,Mkhabela,MM,10H,10,E,2119-12-06,mmkhabela,mmkhabela@sla.co.ac,0828299868
306,306-MM,Maziku,Mkhonta,MM,10H,10,E,2120-09-27,mmkhonta,mmkhonta@sla.co.ac,0827671561
307,307-MM,Mavengedza,Mochaka,MM,10H,10,E,2121-03-12,mmochaka,mmochaka@sla.co.ac,0822523191
308,308-MM,Matshoba,Mojapelo,MM,10H,10,E,2122-07-05,mmojapelo,mmojapelo@sla.co.ac,0821209514
309,309-MM,Matlhake,Mokgatle,MM,10H,10,E,2123-03-24,mmokgatle,mmokgatle@sla.co.ac,0826044108
310,310-MM,Matjila,Mokoena,MM,10H,10,E,2124-11-29,mmokoena,mmokoena@sla.co.ac,0824244276
311,311-MM,Matadin,Mokoena,MM,10H,10,E,2125-08-14,mmokoena,mmokoena@sla.co.ac,0824719070
312,312-MM,Masondo,Mokoena,MM,10H,10,E,2126-05-17,mmokoena,mmokoena@sla.co.ac,0829625619
313,313-MM,Masemola,Molalugi,MM,10H,10,E,2127-06-08,mmolalugi,mmolalugi@sla.co.ac,0829283547
314,314-MM,Marx,Molobi,MM,10H,10,E,2128-10-25,mmolobi,mmolobi@sla.co.ac,0826533714
315,315-MM,Martiens,Moloi,MM,10H,10,E,2129-03-26,mmoloi,mmoloi@sla.co.ac,0820423079
316,316-MM,Manyakoana,Monyanyedi,MM,10H,10,E,2130-06-29,mmonyanyedi,mmonyanyedi@sla.co.ac,0823043967
317,317-MM,Maloma,Morrey,MM,10H,10,E,2131-04-20,mmorrey,mmorrey@sla.co.ac,0825540338
318,318-MM,Malefofana,Morrey,MM,10H,10,E,2132-11-30,mmorrey,mmorrey@sla.co.ac,0820748157
319,319-MM,Malebana,Mothekhe,MM,10S,10,E,2133-03-03,mmothekhe,mmothekhe@sla.co.ac,0827333737
320,320-MM,Malatji,Motsaanaka,MM,10S,10,F,2134-07-12,mmotsaanaka,mmotsaanaka@sla.co.ac,0820794479
321,321-MM,Malatji,Mtetwa,MM,10S,10,F,2135-09-09,mmtetwa,mmtetwa@sla.co.ac,0825141750
322,322-MM,Malapile,Mtetwa,MM,10S,10,F,2136-03-12,mmtetwa,mmtetwa@sla.co.ac,0824969385
323,323-MM,Malapela,Mukwe,MM,10S,10,F,2137-04-13,mmukwe,mmukwe@sla.co.ac,0826628160
324,324-MM,Makowe,Munezi,MM,10S,10,F,2138-10-20,mmunezi,mmunezi@sla.co.ac,0823971168
325,325-MM,Maharaj,Murimwa,MM,10S,10,F,2139-12-25,mmurimwa,mmurimwa@sla.co.ac,0826530747
326,326-MN,Machete,Naidoo,MN,10S,10,F,2140-06-05,mnaidoo,mnaidoo@sla.co.ac,0824345866
327,327-LN,Lukhele,Naidoo,LN,10S,10,F,2141-04-10,lnaidoo,lnaidoo@sla.co.ac,0823298438
328,328-LN,Ludik,Naidoo,LN,10S,10,F,2142-11-21,lnaidoo,lnaidoo@sla.co.ac,0824943482
329,329-LN,Lottering,Naidoo,LN,10S,10,F,2143-02-17,lnaidoo,lnaidoo@sla.co.ac,0829599864
330,330-LN,Liebenberg,Naidu,LN,10S,10,F,2144-08-23,lnaidu,lnaidu@sla.co.ac,0822185468
331,331-LN,Liebenberg,Nainaar,LN,10S,10,F,2145-03-28,lnainaar,lnainaar@sla.co.ac,0823353234
332,332-LN,Levey,Narain Singh,LN,10S,10,F,2146-11-04,lnarain singh,lnarain singh@sla.co.ac,0824608233
333,333-LN,Letsholo,Ndhlovu,LN,10S,10,F,2147-06-17,lndhlovu,lndhlovu@sla.co.ac,0825960821
334,334-LN,Landsberg,Ndlela,LN,10S,10,F,2148-02-23,lndlela,lndlela@sla.co.ac,0825976350
335,335-KN,Kwinika,Neave,KN,10S,10,F,2149-12-07,kneave,kneave@sla.co.ac,0829461853
336,336-KN,Kose,Nene,KN,10S,10,F,2150-07-17,knene,knene@sla.co.ac,0822865184
337,337-KN,Komane,Neto,KN,11F,11,G,2151-08-20,kneto,kneto@sla.co.ac,0825852999
338,338-KN,Kitchener,Nhlapo,KN,11F,11,G,2152-10-15,knhlapo,knhlapo@sla.co.ac,0829750020
339,339-KN,Khoza,Nhlapo,KN,11F,11,G,2153-03-06,knhlapo,knhlapo@sla.co.ac,0827412229
340,340-KN,Khan,Nhlapo,KN,11F,11,G,2154-07-08,knhlapo,knhlapo@sla.co.ac,0823357070
341,341-KN,Khan,Nkente,KN,11F,11,G,2155-02-27,knkente,knkente@sla.co.ac,0828524976
342,342-JN,Joubert,Norton,JN,11F,11,G,2156-01-27,jnorton,jnorton@sla.co.ac,0824947414
343,343-JN,Jones,Nyembe,JN,11F,11,G,2157-12-21,jnyembe,jnyembe@sla.co.ac,0821728568
344,344-JO,Jerry,Oxley,JO,11F,11,G,2158-08-29,joxley,joxley@sla.co.ac,0822523292
345,345-JP,Jeftha,Padayachee,JP,11F,11,G,2159-01-09,jpadayachee,jpadayachee@sla.co.ac,0824031760
346,346-JP,Jardim,Pailman,JP,11F,11,G,2160-02-02,jpailman,jpailman@sla.co.ac,0828707002
347,347-JP,JansevanRensburg,Phasha,JP,11F,11,G,2161-02-18,jphasha,jphasha@sla.co.ac,0827923347
348,348-JP,Jakavula,Pietersen,JP,11F,11,G,2162-09-25,jpietersen,jpietersen@sla.co.ac,0828516119
349,349-JP,Jacobs,Pillay,JP,11F,11,G,2163-09-15,jpillay,jpillay@sla.co.ac,0825283753
350,350-IP,Ighalo,Pontes,IP,11F,11,G,2164-06-14,ipontes,ipontes@sla.co.ac,0825268558
351,351-IP,Ighalo,Poulton,IP,11F,11,G,2165-08-02,ipoulton,ipoulton@sla.co.ac,0822547356
352,352-HR,Horton,Radebe,HR,11F,11,G,2166-07-03,hradebe,hradebe@sla.co.ac,0823513383
353,353-HR,Hlophe,Rall,HR,11F,11,G,2167-09-28,hrall,hrall@sla.co.ac,0824826554
354,354-HR,Haviga,Ramchuran,HR,11F,11,G,2168-04-15,hramchuran,hramchuran@sla.co.ac,0828368964
355,355-HR,Haviga,Ramjattan,HR,11F,11,G,2169-07-22,hramjattan,hramjattan@sla.co.ac,0827482300
356,356-HR,Hadebe,Ramlakan,HR,11L,11,I,2170-09-01,hramlakan,hramlakan@sla.co.ac,0824782161
357,357-HR,Hadebe,Ramugumo,HR,11L,11,I,2171-01-14,hramugumo,hramugumo@sla.co.ac,0823674109
358,358-GR,Grobler,Reddy,GR,11L,11,I,2172-09-29,greddy,greddy@sla.co.ac,0820424849
359,359-GR,Govender,Richter,GR,11L,11,I,2173-02-13,grichter,grichter@sla.co.ac,0824996407
360,360-GR,Ginn,Roddan,GR,11L,11,I,2174-12-12,groddan,groddan@sla.co.ac,0824119086
361,361-GR,Gibson,Roman,GR,11L,11,I,2175-07-17,groman,groman@sla.co.ac,0826797386
362,362-GR,Gewanlal,Rozycki,GR,11L,11,I,2176-08-01,grozycki,grozycki@sla.co.ac,0829928089
363,363-GR,Gaffney,Rugnanan,GR,11L,11,I,2177-07-25,grugnanan,grugnanan@sla.co.ac,0821072802
364,364-FS,Froud,Samigramni,FS,11L,11,I,2178-03-06,fsamigramni,fsamigramni@sla.co.ac,0828172189
365,365-FS,Fourie,Sebata,FS,11L,11,I,2179-05-27,fsebata,fsebata@sla.co.ac,0829912102
366,366-FS,Fourie,Seebran,FS,11L,11,I,2180-02-06,fseebran,fseebran@sla.co.ac,0826213301
367,367-FS,Fischer,Sequeira,FS,11L,11,I,2181-12-19,fsequeira,fsequeira@sla.co.ac,0826081210
368,368-FS,Fick,Serage,FS,11L,11,I,2182-04-02,fserage,fserage@sla.co.ac,0820520024
369,369-FS,Fella,Shampandle,FS,11L,11,I,2183-04-19,fshampandle,fshampandle@sla.co.ac,0828525560
370,370-FS,Fairhurst,Shilenge,FS,11L,11,I,2184-04-15,fshilenge,fshilenge@sla.co.ac,0823421221
371,371-ES,Elphick,Singh,ES,11L,11,I,2185-01-02,esingh,esingh@sla.co.ac,0820523998
372,372-ES,Edmondson,Slabbert,ES,11L,11,I,2186-12-21,eslabbert,eslabbert@sla.co.ac,0821910880
373,373-DS,Dlamini,Smal,DS,11L,11,I,2187-05-11,dsmal,dsmal@sla.co.ac,0820411642
374,374-DS,Dias,Smallwood,DS,11L,11,I,2188-11-07,dsmallwood,dsmallwood@sla.co.ac,0824846371
375,375-DS,Dhunraj,Smallwood,DS,12G,12,J,2189-07-02,dsmallwood,dsmallwood@sla.co.ac,0829979133
376,376-DS,Dhladhla,Smit,DS,12G,12,J,2190-02-10,dsmit,dsmit@sla.co.ac,0828120565
377,377-DS,Dhanasir,Smith,DS,12G,12,J,2191-08-12,dsmith,dsmith@sla.co.ac,0827151922
378,378-DS,Delport,Smith,DS,12G,12,J,2192-02-28,dsmith,dsmith@sla.co.ac,0822572816
379,379-DS,Delaport,Solomons,DS,12G,12,J,2193-09-03,dsolomons,dsolomons@sla.co.ac,0829770209
380,380-DS,De Wet,Spohr,DS,12G,12,J,2194-09-23,dspohr,dspohr@sla.co.ac,0824539984
381,381-DS,De Sas Kropiwnicki,Stappard,DS,12G,12,J,2195-09-02,dstappard,dstappard@sla.co.ac,0828539089
382,382-dS,de Nysschen,Steenkamp,dS,12G,12,J,2196-02-18,dsteenkamp,dsteenkamp@sla.co.ac,0829482993
383,383-DS,De Klerk,Strydom,DS,12G,12,J,2197-07-04,dstrydom,dstrydom@sla.co.ac,0827834620
384,384-DS,De Grandi Sala,Sukdaven,DS,12G,12,J,2198-01-06,dsukdaven,dsukdaven@sla.co.ac,0824265157
385,385-DT,Davis,Taljaard,DT,12G,12,J,2199-06-24,dtaljaard,dtaljaard@sla.co.ac,0827500718
386,386-CT,Confait,Tantsi,CT,12G,12,J,2200-03-04,ctantsi,ctantsi@sla.co.ac,0828556992
387,387-CT,Coetzee,Tetsa,CT,12G,12,J,2201-04-05,ctetsa,ctetsa@sla.co.ac,0821339252
388,388-CT,Coetzee,Themba,CT,12G,12,J,2202-05-29,cthemba,cthemba@sla.co.ac,0820048425
389,389-CT,Clarke,Tiltmann,CT,12G,12,J,2203-02-10,ctiltmann,ctiltmann@sla.co.ac,0826930580
390,390-CT,Clark,Tladi,CT,12R,12,K,2204-07-27,ctladi,ctladi@sla.co.ac,0827074353
391,391-CV,Clark,Van Eyk,CV,12R,12,K,2205-05-11,cvan eyk,cvan eyk@sla.co.ac,0827281323
392,392-CV,Carstens,Van Niekerk,CV,12R,12,K,2206-07-30,cvan niekerk,cvan niekerk@sla.co.ac,0823709150
393,393-BV,Brown,Vanda,BV,12R,12,K,2207-02-25,bvanda,bvanda@sla.co.ac,0821483107
394,394-BV,Britz,VanderMerwe,BV,12R,12,K,2208-01-02,bvandermerwe,bvandermerwe@sla.co.ac,0828751556
395,395-BV,Botha,VanGreunen,BV,12R,12,K,2209-03-09,bvangreunen,bvangreunen@sla.co.ac,0822968751
396,396-BV,Beach,Vass,BV,12R,12,K,2210-04-28,bvass,bvass@sla.co.ac,0820620434
397,397-BV,Bassog,Verwey,BV,12R,12,K,2211-01-08,bverwey,bverwey@sla.co.ac,0821231793
398,398-BW,Barnes,Waite,BW,12R,12,K,2212-08-14,bwaite,bwaite@sla.co.ac,0826592982
399,399-BW,Bambata,Waite,BW,12R,12,K,2213-10-06,bwaite,bwaite@sla.co.ac,0827923806
400,400-BW,Baloyi,Wanga,BW,12R,12,K,2214-04-26,bwanga,bwanga@sla.co.ac,0823797341
401,401-BW,Baleta,Weston,BW,12R,12,K,2215-05-27,bweston,bweston@sla.co.ac,0829869875
402,402-BW,Badari,Woodburn,BW,12R,12,K,2216-03-12,bwoodburn,bwoodburn@sla.co.ac,0828243994
403,403-AZ,Aphane,Zwane,AZ,12R,12,K,2217-12-04,azwane,azwane@sla.co.ac,0829873205
404,404-AZ,Adams,Zwane,AZ,12R,12,K,2218-11-08,azwane,azwane@sla.co.ac,0821934568
405,405-ZS,Zwane,Sebata,ZS,08L,08,L,2219-03-23,zsebata,zsebata@sla.co.ac,0826568507
406,406-ZS,Zwane,Seebran,ZS,08L,08,L,2220-03-19,zseebran,zseebran@sla.co.ac,0825673720
407,407-WS,Woodburn,Sequeira,WS,08L,08,L,2221-03-22,wsequeira,wsequeira@sla.co.ac,0828095804
408,408-WS,Weston,Serage,WS,08L,08,L,2222-01-01,wserage,wserage@sla.co.ac,0829725395
409,409-WS,Wanga,Shampandle,WS,08L,08,L,2223-10-04,wshampandle,wshampandle@sla.co.ac,0822725965
410,410-WS,Waite,Shilenge,WS,08L,08,L,2224-04-01,wshilenge,wshilenge@sla.co.ac,0829678362
411,411-WS,Waite,Singh,WS,08L,08,L,2225-11-30,wsingh,wsingh@sla.co.ac,0829076967
412,412-VS,Verwey,Slabbert,VS,08L,08,L,2226-02-12,vslabbert,vslabbert@sla.co.ac,0826222300
413,413-VS,Vass,Smal,VS,08L,08,L,2227-05-21,vsmal,vsmal@sla.co.ac,0826772225
414,414-VS,VanGreunen,Smallwood,VS,08L,08,L,2228-11-12,vsmallwood,vsmallwood@sla.co.ac,0826854161
415,415-VS,VanderMerwe,Smallwood,VS,08L,08,L,2229-08-13,vsmallwood,vsmallwood@sla.co.ac,0820979685
416,416-VS,Vanda,Smit,VS,08L,08,L,2230-04-13,vsmit,vsmit@sla.co.ac,0820588509
417,417-VS,Van Niekerk,Smith,VS,08L,08,L,2231-06-27,vsmith,vsmith@sla.co.ac,0824762212
418,418-VS,Van Eyk,Smith,VS,08L,08,L,2232-06-19,vsmith,vsmith@sla.co.ac,0829207668
419,419-TS,Tladi,Solomons,TS,08L,08,L,2233-09-25,tsolomons,tsolomons@sla.co.ac,0821613901
420,420-TS,Tiltmann,Spohr,TS,08L,08,L,2234-03-19,tspohr,tspohr@sla.co.ac,0827796586
421,421-TS,Themba,Stappard,TS,08L,08,L,2235-02-21,tstappard,tstappard@sla.co.ac,0825588176
422,422-TS,Tetsa,Steenkamp,TS,08L,08,L,2236-06-23,tsteenkamp,tsteenkamp@sla.co.ac,0828978006
423,423-TS,Tantsi,Strydom,TS,08L,08,L,2237-01-10,tstrydom,tstrydom@sla.co.ac,0822195504
424,424-TS,Taljaard,Sukdaven,TS,08L,08,L,2238-02-24,tsukdaven,tsukdaven@sla.co.ac,0822222176
425,425-ST,Sukdaven,Taljaard,ST,08L,08,L,2239-06-26,staljaard,staljaard@sla.co.ac,0825198337
426,426-ST,Strydom,Tantsi,ST,08L,08,L,2240-05-23,stantsi,stantsi@sla.co.ac,0823597698
427,427-ST,Steenkamp,Tetsa,ST,08L,08,L,2241-08-22,stetsa,stetsa@sla.co.ac,0820298453
428,428-ST,Stappard,Themba,ST,08L,08,L,2242-04-26,sthemba,sthemba@sla.co.ac,0822533742
429,429-ST,Spohr,Tiltmann,ST,08L,08,L,2243-05-30,stiltmann,stiltmann@sla.co.ac,0824115826
430,430-ST,Solomons,Tladi,ST,08M,08,L,2244-11-29,stladi,stladi@sla.co.ac,0820805965
431,431-SV,Smith,Van Eyk,SV,08M,08,M,2245-08-07,svan eyk,svan eyk@sla.co.ac,0823797812
432,432-SV,Smith,Van Niekerk,SV,08M,08,M,2246-03-15,svan niekerk,svan niekerk@sla.co.ac,0822587946
433,433-SV,Smit,Vanda,SV,08M,08,M,2247-10-23,svanda,svanda@sla.co.ac,0820858200
434,434-SV,Smallwood,VanderMerwe,SV,08M,08,M,2248-04-11,svandermerwe,svandermerwe@sla.co.ac,0829770715
435,435-SV,Smallwood,VanGreunen,SV,08M,08,M,2249-11-04,svangreunen,svangreunen@sla.co.ac,0826567699
436,436-SV,Smal,Vass,SV,08M,08,M,2250-04-18,svass,svass@sla.co.ac,0828056133
437,437-SV,Slabbert,Verwey,SV,08M,08,M,2251-10-27,sverwey,sverwey@sla.co.ac,0822740024
438,438-SW,Singh,Waite,SW,08M,08,M,2252-09-17,swaite,swaite@sla.co.ac,0826872887
439,439-SW,Shilenge,Waite,SW,08M,08,M,2253-08-10,swaite,swaite@sla.co.ac,0823767688
440,440-SW,Shampandle,Wanga,SW,08M,08,M,2254-07-08,swanga,swanga@sla.co.ac,0828995542
441,441-SW,Serage,Weston,SW,08M,08,M,2255-07-29,sweston,sweston@sla.co.ac,0823358338
442,442-SW,Sequeira,Woodburn,SW,08M,08,M,2256-08-28,swoodburn,swoodburn@sla.co.ac,0826138900
443,443-SZ,Seebran,Zwane,SZ,08M,08,M,2257-12-02,szwane,szwane@sla.co.ac,0822003572
444,444-SZ,Sebata,Zwane,SZ,08M,08,M,2258-06-30,szwane,szwane@sla.co.ac,0828423379
445,445-SA,Samigramni,Adams,SA,08M,08,M,2259-06-27,sadams,sadams@sla.co.ac,0825498121
446,446-RA,Rugnanan,Aphane,RA,08M,08,M,2260-09-03,raphane,raphane@sla.co.ac,0826118285
447,447-RB,Rozycki,Badari,RB,08M,08,M,2261-12-07,rbadari,rbadari@sla.co.ac,0820900634
448,448-RB,Roman,Baleta,RB,08M,08,M,2262-11-03,rbaleta,rbaleta@sla.co.ac,0820519021
449,449-RB,Roddan,Baloyi,RB,08M,08,M,2263-12-10,rbaloyi,rbaloyi@sla.co.ac,0823107649
450,450-RB,Richter,Bambata,RB,08M,08,M,2264-05-27,rbambata,rbambata@sla.co.ac,0822632137
451,451-RB,Reddy,Barnes,RB,08M,08,M,2265-08-12,rbarnes,rbarnes@sla.co.ac,0826519459
452,452-RB,Ramugumo,Bassog,RB,08M,08,M,2266-10-09,rbassog,rbassog@sla.co.ac,0827391837
453,453-RB,Ramlakan,Beach,RB,08M,08,M,2267-07-20,rbeach,rbeach@sla.co.ac,0820513293
454,454-RB,Ramjattan,Botha,RB,09M,09,M,2268-03-14,rbotha,rbotha@sla.co.ac,0829869506
455,455-RB,Ramchuran,Britz,RB,09M,09,M,2269-10-10,rbritz,rbritz@sla.co.ac,0823869667
456,456-RB,Rall,Brown,RB,09M,09,M,2270-12-18,rbrown,rbrown@sla.co.ac,0827445239
457,457-RC,Radebe,Carstens,RC,09M,09,M,2271-04-03,rcarstens,rcarstens@sla.co.ac,0825656871
458,458-PC,Poulton,Clark,PC,09M,09,M,2272-11-09,pclark,pclark@sla.co.ac,0826223264
459,459-PC,Pontes,Clark,PC,09M,09,M,2273-03-25,pclark,pclark@sla.co.ac,0821756811
460,460-PC,Pillay,Clarke,PC,09M,09,M,2274-03-06,pclarke,pclarke@sla.co.ac,0824546670
461,461-PC,Pietersen,Coetzee,PC,09M,09,M,2275-07-18,pcoetzee,pcoetzee@sla.co.ac,0822429180
462,462-PC,Phasha,Coetzee,PC,09M,09,M,2276-08-30,pcoetzee,pcoetzee@sla.co.ac,0826877718
463,463-PC,Pailman,Confait,PC,09M,09,M,2277-08-01,pconfait,pconfait@sla.co.ac,0825428713
464,464-PD,Padayachee,Davis,PD,09M,09,M,2278-10-27,pdavis,pdavis@sla.co.ac,0825130955
465,465-OD,Oxley,De Grandi Sala,OD,09M,09,M,2279-01-03,ode grandi sala,ode grandi sala@sla.co.ac,0827227875
466,466-ND,Nyembe,De Klerk,ND,09M,09,M,2280-01-25,nde klerk,nde klerk@sla.co.ac,0827124624
467,467-Nd,Norton,de Nysschen,Nd,09M,09,M,2281-09-25,nde nysschen,nde nysschen@sla.co.ac,0824678210
468,468-ND,Nkente,De Sas Kropiwnicki,ND,09M,09,M,2282-06-04,nde sas kropiwnicki,nde sas kropiwnicki@sla.co.ac,0822135115
469,469-ND,Nhlapo,De Wet,ND,09M,09,M,2283-08-01,nde wet,nde wet@sla.co.ac,0829524372
470,470-ND,Nhlapo,Delaport,ND,09M,09,M,2284-09-30,ndelaport,ndelaport@sla.co.ac,0822808223
471,471-ND,Nhlapo,Delport,ND,09M,09,M,2285-05-08,ndelport,ndelport@sla.co.ac,0827730296
472,472-ND,Neto,Dhanasir,ND,09M,09,M,2286-07-08,ndhanasir,ndhanasir@sla.co.ac,0827627905
473,473-ND,Nene,Dhladhla,ND,09M,09,M,2287-10-15,ndhladhla,ndhladhla@sla.co.ac,0822234461
474,474-ND,Neave,Dhunraj,ND,09M,09,M,2288-01-07,ndhunraj,ndhunraj@sla.co.ac,0827642984
475,475-ND,Ndlela,Dias,ND,09M,09,M,2289-02-01,ndias,ndias@sla.co.ac,0821783351
476,476-ND,Ndhlovu,Dlamini,ND,09M,09,M,2290-06-03,ndlamini,ndlamini@sla.co.ac,0829149148
477,477-NE,Narain Singh,Edmondson,NE,09M,09,M,2291-03-29,nedmondson,nedmondson@sla.co.ac,0825682786
478,478-NE,Nainaar,Elphick,NE,09M,09,M,2292-10-04,nelphick,nelphick@sla.co.ac,0826312649
479,479-NF,Naidu,Fairhurst,NF,09R,09,R,2293-03-21,nfairhurst,nfairhurst@sla.co.ac,0827810942
480,480-NF,Naidoo,Fella,NF,09R,09,R,2294-03-17,nfella,nfella@sla.co.ac,0820313794
481,481-NF,Naidoo,Fick,NF,09R,09,R,2295-01-24,nfick,nfick@sla.co.ac,0829000599
482,482-NF,Naidoo,Fischer,NF,09R,09,R,2296-12-15,nfischer,nfischer@sla.co.ac,0827726031
483,483-NF,Naidoo,Fourie,NF,09R,09,R,2297-11-19,nfourie,nfourie@sla.co.ac,0822298553
484,484-MF,Murimwa,Fourie,MF,09R,09,R,2298-11-03,mfourie,mfourie@sla.co.ac,0824680467
485,485-MF,Munezi,Froud,MF,09R,09,R,2299-09-29,mfroud,mfroud@sla.co.ac,0826859552
486,486-MG,Mukwe,Gaffney,MG,09R,09,R,2300-07-30,mgaffney,mgaffney@sla.co.ac,0827893464
487,487-MG,Mtetwa,Gewanlal,MG,09R,09,R,2301-07-30,mgewanlal,mgewanlal@sla.co.ac,0823036725
488,488-MG,Mtetwa,Gibson,MG,09R,09,R,2302-04-29,mgibson,mgibson@sla.co.ac,0820286778
489,489-MG,Motsaanaka,Ginn,MG,09R,09,R,2303-02-07,mginn,mginn@sla.co.ac,0822230258
490,490-MG,Mothekhe,Govender,MG,09R,09,R,2304-05-29,mgovender,mgovender@sla.co.ac,0827343436
491,491-MG,Morrey,Grobler,MG,09R,09,R,2305-09-16,mgrobler,mgrobler@sla.co.ac,0824902251
492,492-MH,Morrey,Hadebe,MH,09R,09,R,2306-11-17,mhadebe,mhadebe@sla.co.ac,0822118066
493,493-MH,Monyanyedi,Hadebe,MH,09R,09,R,2307-06-23,mhadebe,mhadebe@sla.co.ac,0823622053
494,494-MH,Moloi,Haviga,MH,09R,09,R,2308-05-29,mhaviga,mhaviga@sla.co.ac,0826458499
495,495-MH,Molobi,Haviga,MH,09R,09,R,2309-05-02,mhaviga,mhaviga@sla.co.ac,0822502931
496,496-MH,Molalugi,Hlophe,MH,09R,09,R,2310-05-07,mhlophe,mhlophe@sla.co.ac,0828354538
497,497-MH,Mokoena,Horton,MH,09R,09,R,2311-07-18,mhorton,mhorton@sla.co.ac,0824140403
498,498-MI,Mokoena,Ighalo,MI,09R,09,R,2312-09-23,mighalo,mighalo@sla.co.ac,0829876204
499,499-MI,Mokoena,Ighalo,MI,09R,09,R,2313-01-29,mighalo,mighalo@sla.co.ac,0821184831
500,500-MJ,Mokgatle,Jacobs,MJ,09R,09,R,2314-08-19,mjacobs,mjacobs@sla.co.ac,0829639957
501,501-MJ,Mojapelo,Jakavula,MJ,10H,10,H,2315-04-17,mjakavula,mjakavula@sla.co.ac,0828582592
502,502-MJ,Mochaka,JansevanRensburg,MJ,10H,10,H,2316-01-23,mjansevanrensburg,mjansevanrensburg@sla.co.ac,0825194147
503,503-MJ,Mkhonta,Jardim,MJ,10H,10,H,2317-05-19,mjardim,mjardim@sla.co.ac,0822021086
504,504-MJ,Mkhabela,Jeftha,MJ,10H,10,H,2318-03-04,mjeftha,mjeftha@sla.co.ac,0821920324
505,505-MJ,Mills,Jerry,MJ,10H,10,H,2319-03-28,mjerry,mjerry@sla.co.ac,0823403576
506,506-MJ,Meyi,Jones,MJ,10H,10,H,2320-04-05,mjones,mjones@sla.co.ac,0829566010
507,507-MJ,McKenna,Joubert,MJ,10H,10,H,2321-01-30,mjoubert,mjoubert@sla.co.ac,0826847081
508,508-MK,Maziku,Khan,MK,10H,10,H,2322-11-01,mkhan,mkhan@sla.co.ac,0825959288
509,509-MK,Mavengedza,Khan,MK,10H,10,H,2323-10-19,mkhan,mkhan@sla.co.ac,0827895748
510,510-MK,Matshoba,Khoza,MK,10H,10,H,2324-02-21,mkhoza,mkhoza@sla.co.ac,0822353390
511,511-MK,Matlhake,Kitchener,MK,10H,10,H,2325-01-23,mkitchener,mkitchener@sla.co.ac,0826063156
512,512-MK,Matjila,Komane,MK,10H,10,H,2326-01-14,mkomane,mkomane@sla.co.ac,0829833492
513,513-MK,Matadin,Kose,MK,10H,10,H,2327-08-22,mkose,mkose@sla.co.ac,0820570217
514,514-MK,Masondo,Kwinika,MK,10H,10,H,2328-01-14,mkwinika,mkwinika@sla.co.ac,0822800009
515,515-ML,Masemola,Landsberg,ML,10H,10,H,2329-08-04,mlandsberg,mlandsberg@sla.co.ac,0822962984
516,516-ML,Marx,Letsholo,ML,10H,10,H,2330-05-26,mletsholo,mletsholo@sla.co.ac,0822088801
517,517-ML,Martiens,Levey,ML,10H,10,H,2331-12-14,mlevey,mlevey@sla.co.ac,0826631699
518,518-ML,Manyakoana,Liebenberg,ML,10H,10,H,2332-03-12,mliebenberg,mliebenberg@sla.co.ac,0826601154
519,519-ML,Maloma,Liebenberg,ML,10H,10,H,2333-01-26,mliebenberg,mliebenberg@sla.co.ac,0820512463
520,520-ML,Malefofana,Lottering,ML,10H,10,H,2334-09-17,mlottering,mlottering@sla.co.ac,0824190535
521,521-ML,Malebana,Ludik,ML,10S,10,S,2335-09-30,mludik,mludik@sla.co.ac,0824231244
522,522-ML,Malatji,Lukhele,ML,10S,10,S,2336-04-07,mlukhele,mlukhele@sla.co.ac,0825524104
523,523-MM,Malatji,Machete,MM,10S,10,S,2337-07-24,mmachete,mmachete@sla.co.ac,0828383702
524,524-MM,Malapile,Maharaj,MM,10S,10,S,2338-04-23,mmaharaj,mmaharaj@sla.co.ac,0822366949
525,525-MM,Malapela,Makowe,MM,10S,10,S,2339-03-20,mmakowe,mmakowe@sla.co.ac,0828956616
526,526-MM,Makowe,Malapela,MM,10S,10,S,2340-10-16,mmalapela,mmalapela@sla.co.ac,0824087426
527,527-MM,Maharaj,Malapile,MM,10S,10,S,2341-09-04,mmalapile,mmalapile@sla.co.ac,0824971678
528,528-MM,Machete,Malatji,MM,10S,10,S,2342-09-09,mmalatji,mmalatji@sla.co.ac,0825888050
529,529-LM,Lukhele,Malatji,LM,10S,10,S,2343-11-16,lmalatji,lmalatji@sla.co.ac,0820568723
530,530-LM,Ludik,Malebana,LM,10S,10,S,2344-09-07,lmalebana,lmalebana@sla.co.ac,0822269795
531,531-LM,Lottering,Malefofana,LM,10S,10,S,2345-09-24,lmalefofana,lmalefofana@sla.co.ac,0825425348
532,532-LM,Liebenberg,Maloma,LM,10S,10,S,2346-08-29,lmaloma,lmaloma@sla.co.ac,0828235056
533,533-LM,Liebenberg,Manyakoana,LM,10S,10,S,2347-09-23,lmanyakoana,lmanyakoana@sla.co.ac,0825627869
534,534-LM,Levey,Martiens,LM,10S,10,S,2348-01-21,lmartiens,lmartiens@sla.co.ac,0826057085
535,535-LM,Letsholo,Marx,LM,10S,10,S,2349-01-03,lmarx,lmarx@sla.co.ac,0823266651
536,536-LM,Landsberg,Masemola,LM,10S,10,S,2350-02-29,lmasemola,lmasemola@sla.co.ac,0825930934
537,537-KM,Kwinika,Masondo,KM,10S,10,S,2351-05-06,kmasondo,kmasondo@sla.co.ac,0821729011
538,538-KM,Kose,Matadin,KM,10S,10,S,2352-11-07,kmatadin,kmatadin@sla.co.ac,0825963294
539,539-KM,Komane,Matjila,KM,11F,11,F,2353-05-28,kmatjila,kmatjila@sla.co.ac,0821738421
540,540-KM,Kitchener,Matlhake,KM,11F,11,F,2354-12-25,kmatlhake,kmatlhake@sla.co.ac,0826339276
541,541-KM,Khoza,Matshoba,KM,11F,11,F,2355-06-26,kmatshoba,kmatshoba@sla.co.ac,0826348548
542,542-KM,Khan,Mavengedza,KM,11F,11,F,2356-09-14,kmavengedza,kmavengedza@sla.co.ac,0821495103
543,543-KM,Khan,Maziku,KM,11F,11,F,2357-02-17,kmaziku,kmaziku@sla.co.ac,0822465535
544,544-JM,Joubert,McKenna,JM,11F,11,F,2358-10-18,jmckenna,jmckenna@sla.co.ac,0825128812
545,545-JM,Jones,Meyi,JM,11F,11,F,2359-11-11,jmeyi,jmeyi@sla.co.ac,0829365079
546,546-JM,Jerry,Mills,JM,11F,11,F,2360-04-10,jmills,jmills@sla.co.ac,0829586709
547,547-JM,Jeftha,Mkhabela,JM,11F,11,F,2361-08-10,jmkhabela,jmkhabela@sla.co.ac,0821230742
548,548-JM,Jardim,Mkhonta,JM,11F,11,F,2362-03-26,jmkhonta,jmkhonta@sla.co.ac,0825920773
549,549-JM,JansevanRensburg,Mochaka,JM,11F,11,F,2363-03-29,jmochaka,jmochaka@sla.co.ac,0823208704
550,550-JM,Jakavula,Mojapelo,JM,11F,11,F,2364-09-15,jmojapelo,jmojapelo@sla.co.ac,0820266007
551,551-JM,Jacobs,Mokgatle,JM,11F,11,F,2365-10-20,jmokgatle,jmokgatle@sla.co.ac,0821016923
552,552-IM,Ighalo,Mokoena,IM,11F,11,F,2366-08-09,imokoena,imokoena@sla.co.ac,0824201553
553,553-IM,Ighalo,Mokoena,IM,11F,11,F,2367-06-24,imokoena,imokoena@sla.co.ac,0821813025
554,554-HM,Horton,Mokoena,HM,11F,11,F,2368-12-24,hmokoena,hmokoena@sla.co.ac,0827145952
555,555-HM,Hlophe,Molalugi,HM,11F,11,F,2369-09-29,hmolalugi,hmolalugi@sla.co.ac,0826548233
556,556-HM,Haviga,Molobi,HM,11F,11,F,2370-09-08,hmolobi,hmolobi@sla.co.ac,0826480207
557,557-HM,Haviga,Moloi,HM,11F,11,F,2371-01-15,hmoloi,hmoloi@sla.co.ac,0827593890
558,558-HM,Hadebe,Monyanyedi,HM,11L,11,L,2372-06-24,hmonyanyedi,hmonyanyedi@sla.co.ac,0828226162
559,559-HM,Hadebe,Morrey,HM,11L,11,L,2373-07-28,hmorrey,hmorrey@sla.co.ac,0825618979
560,560-GM,Grobler,Morrey,GM,11L,11,L,2374-11-25,gmorrey,gmorrey@sla.co.ac,0827732515
561,561-GM,Govender,Mothekhe,GM,11L,11,L,2375-11-18,gmothekhe,gmothekhe@sla.co.ac,0825115840
562,562-GM,Ginn,Motsaanaka,GM,11L,11,L,2376-07-15,gmotsaanaka,gmotsaanaka@sla.co.ac,0820731085
563,563-GM,Gibson,Mtetwa,GM,11L,11,L,2377-01-08,gmtetwa,gmtetwa@sla.co.ac,0820118479
564,564-GM,Gewanlal,Mtetwa,GM,11L,11,L,2378-01-26,gmtetwa,gmtetwa@sla.co.ac,0820070628
565,565-GM,Gaffney,Mukwe,GM,11L,11,L,2379-03-20,gmukwe,gmukwe@sla.co.ac,0821993546
566,566-FM,Froud,Munezi,FM,11L,11,L,2380-12-09,fmunezi,fmunezi@sla.co.ac,0828288336
567,567-FM,Fourie,Murimwa,FM,11L,11,L,2381-06-10,fmurimwa,fmurimwa@sla.co.ac,0821587121
568,568-FN,Fourie,Naidoo,FN,11L,11,L,2382-05-02,fnaidoo,fnaidoo@sla.co.ac,0823243992
569,569-FN,Fischer,Naidoo,FN,11L,11,L,2383-10-18,fnaidoo,fnaidoo@sla.co.ac,0826326463
570,570-FN,Fick,Naidoo,FN,11L,11,L,2384-02-13,fnaidoo,fnaidoo@sla.co.ac,0821338411
571,571-FN,Fella,Naidoo,FN,11L,11,L,2385-12-10,fnaidoo,fnaidoo@sla.co.ac,0825470462
572,572-FN,Fairhurst,Naidu,FN,11L,11,L,2386-09-23,fnaidu,fnaidu@sla.co.ac,0829644039
573,573-EN,Elphick,Nainaar,EN,11L,11,L,2387-02-25,enainaar,enainaar@sla.co.ac,0829891734
574,574-EN,Edmondson,Narain Singh,EN,11L,11,L,2388-11-05,enarain singh,enarain singh@sla.co.ac,0820783214
575,575-DN,Dlamini,Ndhlovu,DN,11L,11,L,2389-11-15,dndhlovu,dndhlovu@sla.co.ac,0822259447
576,576-DN,Dias,Ndlela,DN,11L,11,L,2390-03-16,dndlela,dndlela@sla.co.ac,0824981853
577,577-DN,Dhunraj,Neave,DN,12G,12,G,2391-01-11,dneave,dneave@sla.co.ac,0824761306
578,578-DN,Dhladhla,Nene,DN,12G,12,G,2392-07-27,dnene,dnene@sla.co.ac,0829132100
579,579-DN,Dhanasir,Neto,DN,12G,12,G,2393-08-11,dneto,dneto@sla.co.ac,0826826963
580,580-DN,Delport,Nhlapo,DN,12G,12,G,2394-12-26,dnhlapo,dnhlapo@sla.co.ac,0827129098
581,581-DN,Delaport,Nhlapo,DN,12G,12,G,2395-05-03,dnhlapo,dnhlapo@sla.co.ac,0824574557
582,582-DN,De Wet,Nhlapo,DN,12G,12,G,2396-09-14,dnhlapo,dnhlapo@sla.co.ac,0822783271
583,583-DN,De Sas Kropiwnicki,Nkente,DN,12G,12,G,2397-05-25,dnkente,dnkente@sla.co.ac,0824295778
584,584-dN,de Nysschen,Norton,dN,12G,12,G,2398-05-04,dnorton,dnorton@sla.co.ac,0825804948
585,585-DN,De Klerk,Nyembe,DN,12G,12,G,2399-04-10,dnyembe,dnyembe@sla.co.ac,0823874306
586,586-DO,De Grandi Sala,Oxley,DO,12G,12,G,2400-10-28,doxley,doxley@sla.co.ac,0826140433
587,587-DP,Davis,Padayachee,DP,12G,12,G,2401-08-28,dpadayachee,dpadayachee@sla.co.ac,0826357361
588,588-CP,Confait,Pailman,CP,12G,12,G,2402-10-12,cpailman,cpailman@sla.co.ac,0824907414
589,589-CP,Coetzee,Phasha,CP,12G,12,G,2403-01-03,cphasha,cphasha@sla.co.ac,0825179236
590,590-CP,Coetzee,Pietersen,CP,12G,12,G,2404-12-22,cpietersen,cpietersen@sla.co.ac,0821333979
591,591-CP,Clarke,Pillay,CP,12G,12,G,2405-08-03,cpillay,cpillay@sla.co.ac,0821148446
592,592-CP,Clark,Pontes,CP,12R,12,R,2406-05-29,cpontes,cpontes@sla.co.ac,0823957200
593,593-CP,Clark,Poulton,CP,12R,12,R,2407-06-08,cpoulton,cpoulton@sla.co.ac,0826939853
594,594-CR,Carstens,Radebe,CR,12R,12,R,2408-03-02,cradebe,cradebe@sla.co.ac,0820652600
595,595-BR,Brown,Rall,BR,12R,12,R,2409-06-16,brall,brall@sla.co.ac,0820670780
596,596-BR,Britz,Ramchuran,BR,12R,12,R,2410-03-06,bramchuran,bramchuran@sla.co.ac,0828367190
597,597-BR,Botha,Ramjattan,BR,12R,12,R,2411-09-01,bramjattan,bramjattan@sla.co.ac,0823417534
598,598-BR,Beach,Ramlakan,BR,12R,12,R,2412-02-10,bramlakan,bramlakan@sla.co.ac,0822338081
599,599-BR,Bassog,Ramugumo,BR,12R,12,R,2413-03-10,bramugumo,bramugumo@sla.co.ac,0825080486
600,600-BR,Barnes,Reddy,BR,12R,12,R,2414-04-26,breddy,breddy@sla.co.ac,0820774511
601,601-BR,Bambata,Richter,BR,12R,12,R,2415-12-12,brichter,brichter@sla.co.ac,0829625221
602,602-BR,Baloyi,Roddan,BR,12R,12,R,2416-04-21,broddan,broddan@sla.co.ac,0828961781
603,603-BR,Baleta,Roman,BR,12R,12,R,2417-08-25,broman,broman@sla.co.ac,0821582123
604,604-BR,Badari,Rozycki,BR,12R,12,R,2418-12-24,brozycki,brozycki@sla.co.ac,0824282964
605,605-AR,Aphane,Rugnanan,AR,12R,12,R,2419-01-07,arugnanan,arugnanan@sla.co.ac,0828994788
606,606-AS,Adams,Samigramni,AS,12R,12,R,2420-10-26,asamigramni,asamigramni@sla.co.ac,0827211991
607,607-MS,Maziku,Sebata,MS,08L,08,L,2421-03-21,msebata,msebata@sla.co.ac,0827305866
608,608-MS,Mavengedza,Seebran,MS,08L,08,L,2422-10-12,mseebran,mseebran@sla.co.ac,0825051412
609,609-MS,Matshoba,Sequeira,MS,08L,08,L,2423-02-21,msequeira,msequeira@sla.co.ac,0827513050
610,610-MS,Matlhake,Serage,MS,08L,08,L,2424-02-16,mserage,mserage@sla.co.ac,0822007877
611,611-MS,Matjila,Shampandle,MS,08L,08,L,2425-06-15,mshampandle,mshampandle@sla.co.ac,0824499639
612,612-MS,Matadin,Shilenge,MS,08L,08,L,2426-08-09,mshilenge,mshilenge@sla.co.ac,0824732447
613,613-MS,Masondo,Singh,MS,08L,08,L,2427-06-14,msingh,msingh@sla.co.ac,0824983889
614,614-MS,Masemola,Slabbert,MS,08L,08,L,2428-10-29,mslabbert,mslabbert@sla.co.ac,0827317021
615,615-MS,Marx,Smal,MS,08L,08,L,2429-05-25,msmal,msmal@sla.co.ac,0825623725
616,616-MS,Martiens,Smallwood,MS,08L,08,L,2430-01-11,msmallwood,msmallwood@sla.co.ac,0828944668
617,617-MS,Manyakoana,Smallwood,MS,08L,08,L,2431-11-11,msmallwood,msmallwood@sla.co.ac,0829825215
618,618-MS,Maloma,Smit,MS,08L,08,L,2432-01-20,msmit,msmit@sla.co.ac,0822911601
619,619-MS,Malefofana,Smith,MS,08L,08,L,2433-04-05,msmith,msmith@sla.co.ac,0825644693
620,620-MS,Malebana,Smith,MS,08L,08,L,2434-10-23,msmith,msmith@sla.co.ac,0825973536
621,621-MS,Malatji,Solomons,MS,08L,08,L,2435-12-03,msolomons,msolomons@sla.co.ac,0821366217
622,622-MS,Malatji,Spohr,MS,08L,08,L,2436-06-20,mspohr,mspohr@sla.co.ac,0828195169
623,623-MS,Malapile,Stappard,MS,08L,08,L,2437-08-22,mstappard,mstappard@sla.co.ac,0829643037
624,624-MS,Malapela,Steenkamp,MS,08L,08,L,2438-09-12,msteenkamp,msteenkamp@sla.co.ac,0824174245
625,625-MS,Makowe,Strydom,MS,08L,08,L,2439-01-22,mstrydom,mstrydom@sla.co.ac,0825915396
626,626-MS,Maharaj,Sukdaven,MS,08L,08,L,2440-06-05,msukdaven,msukdaven@sla.co.ac,0826839991
627,627-MT,Machete,Taljaard,MT,08L,08,L,2441-10-04,mtaljaard,mtaljaard@sla.co.ac,0824388318
628,628-LT,Lukhele,Tantsi,LT,08L,08,L,2442-04-20,ltantsi,ltantsi@sla.co.ac,0824568852
629,629-LT,Ludik,Tetsa,LT,08L,08,L,2443-02-20,ltetsa,ltetsa@sla.co.ac,0826622405
630,630-LT,Lottering,Themba,LT,08L,08,L,2444-11-03,lthemba,lthemba@sla.co.ac,0826636000
631,631-LT,Liebenberg,Tiltmann,LT,08L,08,L,2445-04-30,ltiltmann,ltiltmann@sla.co.ac,0821099469
632,632-LT,Liebenberg,Tladi,LT,08M,08,M,2446-03-08,ltladi,ltladi@sla.co.ac,0821474806
633,633-LV,Levey,Van Eyk,LV,08M,08,M,2447-09-04,lvan eyk,lvan eyk@sla.co.ac,0828956018
634,634-LV,Letsholo,Van Niekerk,LV,08M,08,M,2448-08-28,lvan niekerk,lvan niekerk@sla.co.ac,0829863443
635,635-LV,Landsberg,Vanda,LV,08M,08,M,2449-04-26,lvanda,lvanda@sla.co.ac,0829466188
636,636-KV,Kwinika,VanderMerwe,KV,08M,08,M,2450-01-10,kvandermerwe,kvandermerwe@sla.co.ac,0828318191
637,637-KV,Kose,VanGreunen,KV,08M,08,M,2451-10-11,kvangreunen,kvangreunen@sla.co.ac,0828574522
638,638-KV,Komane,Vass,KV,08M,08,M,2452-05-20,kvass,kvass@sla.co.ac,0823739641
639,639-KV,Kitchener,Verwey,KV,08M,08,M,2453-01-27,kverwey,kverwey@sla.co.ac,0826593468
640,640-KW,Khoza,Waite,KW,08M,08,M,2454-11-16,kwaite,kwaite@sla.co.ac,0827309301
641,641-KW,Khan,Waite,KW,08M,08,M,2455-08-09,kwaite,kwaite@sla.co.ac,0821828442
642,642-KW,Khan,Wanga,KW,08M,08,M,2456-05-22,kwanga,kwanga@sla.co.ac,0824678798
643,643-JW,Joubert,Weston,JW,08M,08,M,2457-01-12,jweston,jweston@sla.co.ac,0827697886
644,644-JW,Jones,Woodburn,JW,08M,08,M,2458-08-21,jwoodburn,jwoodburn@sla.co.ac,0823213306
645,645-JZ,Jerry,Zwane,JZ,08M,08,M,2459-12-07,jzwane,jzwane@sla.co.ac,0828129421
646,646-JZ,Jeftha,Zwane,JZ,08M,08,M,2460-05-09,jzwane,jzwane@sla.co.ac,0822525217
647,647-JA,Jardim,Adams,JA,08M,08,M,2461-12-16,jadams,jadams@sla.co.ac,0826336192
648,648-JA,JansevanRensburg,Aphane,JA,08M,08,M,2462-05-07,japhane,japhane@sla.co.ac,0821236219
649,649-JB,Jakavula,Badari,JB,08M,08,M,2463-05-24,jbadari,jbadari@sla.co.ac,0827667772
650,650-JB,Jacobs,Baleta,JB,08M,08,M,2464-03-02,jbaleta,jbaleta@sla.co.ac,0821434051
651,651-IB,Ighalo,Baloyi,IB,08M,08,M,2465-06-28,ibaloyi,ibaloyi@sla.co.ac,0826810951
652,652-IB,Ighalo,Bambata,IB,08M,08,M,2466-04-02,ibambata,ibambata@sla.co.ac,0822971861
653,653-HB,Horton,Barnes,HB,08M,08,M,2467-07-15,hbarnes,hbarnes@sla.co.ac,0822242428
654,654-HB,Hlophe,Bassog,HB,08M,08,M,2468-11-20,hbassog,hbassog@sla.co.ac,0828421943
655,655-HB,Haviga,Beach,HB,08M,08,M,2469-01-06,hbeach,hbeach@sla.co.ac,0826775281
656,656-HB,Haviga,Botha,HB,09M,09,M,2470-05-11,hbotha,hbotha@sla.co.ac,0823881713
657,657-HB,Hadebe,Britz,HB,09M,09,M,2471-09-21,hbritz,hbritz@sla.co.ac,0821198957
658,658-HB,Hadebe,Brown,HB,09M,09,M,2472-10-07,hbrown,hbrown@sla.co.ac,0824203019
659,659-GC,Grobler,Carstens,GC,09M,09,M,2473-03-17,gcarstens,gcarstens@sla.co.ac,0825176712
660,660-GC,Govender,Clark,GC,09M,09,M,2474-03-27,gclark,gclark@sla.co.ac,0822982799
661,661-GC,Ginn,Clark,GC,09M,09,M,2475-10-15,gclark,gclark@sla.co.ac,0829661638
662,662-GC,Gibson,Clarke,GC,09M,09,M,2476-10-02,gclarke,gclarke@sla.co.ac,0825546625
663,663-GC,Gewanlal,Coetzee,GC,09M,09,M,2477-06-18,gcoetzee,gcoetzee@sla.co.ac,0823703786
664,664-GC,Gaffney,Coetzee,GC,09M,09,M,2478-06-30,gcoetzee,gcoetzee@sla.co.ac,0826987028
665,665-FC,Froud,Confait,FC,09M,09,M,2479-01-20,fconfait,fconfait@sla.co.ac,0828116958
666,666-FD,Fourie,Davis,FD,09M,09,M,2480-01-18,fdavis,fdavis@sla.co.ac,0826546061
667,667-FD,Fourie,De Grandi Sala,FD,09M,09,M,2481-04-19,fde grandi sala,fde grandi sala@sla.co.ac,0822278690
668,668-FD,Fischer,De Klerk,FD,09M,09,M,2482-07-16,fde klerk,fde klerk@sla.co.ac,0826420995
669,669-Fd,Fick,de Nysschen,Fd,09M,09,M,2483-06-04,fde nysschen,fde nysschen@sla.co.ac,0822212599
670,670-FD,Fella,De Sas Kropiwnicki,FD,09M,09,M,2484-03-11,fde sas kropiwnicki,fde sas kropiwnicki@sla.co.ac,0827057232
671,671-FD,Fairhurst,De Wet,FD,09M,09,M,2485-11-01,fde wet,fde wet@sla.co.ac,0822978695
672,672-ED,Elphick,Delaport,ED,09M,09,M,2486-04-19,edelaport,edelaport@sla.co.ac,0823506313
673,673-ED,Edmondson,Delport,ED,09M,09,M,2487-08-13,edelport,edelport@sla.co.ac,0826146117
674,674-DD,Dlamini,Dhanasir,DD,09M,09,M,2488-12-30,ddhanasir,ddhanasir@sla.co.ac,0829970277
675,675-DD,Dias,Dhladhla,DD,09M,09,M,2489-02-06,ddhladhla,ddhladhla@sla.co.ac,0820415280
676,676-DD,Dhunraj,Dhunraj,DD,09M,09,M,2490-01-22,ddhunraj,ddhunraj@sla.co.ac,0825805067
677,677-DD,Dhladhla,Dias,DD,09M,09,M,2491-11-23,ddias,ddias@sla.co.ac,0827479510
678,678-DD,Dhanasir,Dlamini,DD,09M,09,M,2492-07-26,ddlamini,ddlamini@sla.co.ac,0824976081
679,679-DE,Delport,Edmondson,DE,09M,09,M,2493-10-06,dedmondson,dedmondson@sla.co.ac,0829887386
680,680-DE,Delaport,Elphick,DE,09M,09,M,2494-10-04,delphick,delphick@sla.co.ac,0829654732
681,681-DF,De Wet,Fairhurst,DF,09R,09,R,2495-01-25,dfairhurst,dfairhurst@sla.co.ac,0828599838
682,682-DF,De Sas Kropiwnicki,Fella,DF,09R,09,R,2496-04-14,dfella,dfella@sla.co.ac,0824549101
683,683-dF,de Nysschen,Fick,dF,09R,09,R,2497-12-03,dfick,dfick@sla.co.ac,0821437947
684,684-DF,De Klerk,Fischer,DF,09R,09,R,2498-04-22,dfischer,dfischer@sla.co.ac,0823099214
685,685-DF,De Grandi Sala,Fourie,DF,09R,09,R,2499-06-07,dfourie,dfourie@sla.co.ac,0829693762
686,686-DF,Davis,Fourie,DF,09R,09,R,2500-09-14,dfourie,dfourie@sla.co.ac,0826003990
687,687-CF,Confait,Froud,CF,09R,09,R,2501-06-18,cfroud,cfroud@sla.co.ac,0828877000
688,688-CG,Coetzee,Gaffney,CG,09R,09,R,2502-07-30,cgaffney,cgaffney@sla.co.ac,0829137858
689,689-CG,Coetzee,Gewanlal,CG,09R,09,R,2503-05-10,cgewanlal,cgewanlal@sla.co.ac,0823990168
690,690-CG,Clarke,Gibson,CG,09R,09,R,2504-12-22,cgibson,cgibson@sla.co.ac,0828592526
691,691-CG,Clark,Ginn,CG,09R,09,R,2505-06-15,cginn,cginn@sla.co.ac,0826536914
692,692-CG,Clark,Govender,CG,09R,09,R,2506-11-14,cgovender,cgovender@sla.co.ac,0820238952
693,693-CG,Carstens,Grobler,CG,09R,09,R,2507-09-07,cgrobler,cgrobler@sla.co.ac,0824394011
694,694-BH,Brown,Hadebe,BH,09R,09,R,2508-10-19,bhadebe,bhadebe@sla.co.ac,0826214898
695,695-BH,Britz,Hadebe,BH,09R,09,R,2509-02-03,bhadebe,bhadebe@sla.co.ac,0824254114
696,696-BH,Botha,Haviga,BH,09R,09,R,2510-12-01,bhaviga,bhaviga@sla.co.ac,0821008661
697,697-BH,Beach,Haviga,BH,09R,09,R,2511-08-29,bhaviga,bhaviga@sla.co.ac,0822407849
698,698-BH,Bassog,Hlophe,BH,09R,09,R,2512-11-16,bhlophe,bhlophe@sla.co.ac,0821671147
699,699-BH,Barnes,Horton,BH,09R,09,R,2513-06-07,bhorton,bhorton@sla.co.ac,0824231623
700,700-BI,Bambata,Ighalo,BI,09R,09,R,2514-04-26,bighalo,bighalo@sla.co.ac,0827572654
701,701-BI,Baloyi,Ighalo,BI,09R,09,R,2515-01-02,bighalo,bighalo@sla.co.ac,0825181717
702,702-BJ,Baleta,Jacobs,BJ,09R,09,R,2516-10-27,bjacobs,bjacobs@sla.co.ac,0826595475
703,703-BJ,Badari,Jakavula,BJ,10H,10,H,2517-08-28,bjakavula,bjakavula@sla.co.ac,0828961281
704,704-AJ,Aphane,JansevanRensburg,AJ,10H,10,H,2518-11-11,ajansevanrensburg,ajansevanrensburg@sla.co.ac,0828015489
705,705-AJ,Adams,Jardim,AJ,10H,10,H,2519-12-27,ajardim,ajardim@sla.co.ac,0829596502
706,706-MJ,Mkhabela,Jeftha,MJ,10H,10,H,2520-01-27,mjeftha,mjeftha@sla.co.ac,0828490995
707,707-MJ,Mills,Jerry,MJ,10H,10,H,2521-10-25,mjerry,mjerry@sla.co.ac,0829906069
708,708-MJ,Meyi,Jones,MJ,10H,10,H,2522-09-27,mjones,mjones@sla.co.ac,0824196272
709,709-MJ,McKenna,Joubert,MJ,10H,10,H,2523-09-01,mjoubert,mjoubert@sla.co.ac,0824418823
710,710-ZK,Zwane,Khan,ZK,10H,10,H,2524-09-29,zkhan,zkhan@sla.co.ac,0822007527
711,711-ZK,Zwane,Khan,ZK,10H,10,H,2525-10-06,zkhan,zkhan@sla.co.ac,0824196214
712,712-WK,Woodburn,Khoza,WK,10H,10,H,2526-05-06,wkhoza,wkhoza@sla.co.ac,0820311798
713,713-WK,Weston,Kitchener,WK,10H,10,H,2527-07-10,wkitchener,wkitchener@sla.co.ac,0828641855
714,714-WK,Wanga,Komane,WK,10H,10,H,2528-11-23,wkomane,wkomane@sla.co.ac,0823663270
715,715-WK,Waite,Kose,WK,10H,10,H,2529-04-18,wkose,wkose@sla.co.ac,0823914134
716,716-WK,Waite,Kwinika,WK,10H,10,H,2530-07-22,wkwinika,wkwinika@sla.co.ac,0822759216
717,717-VL,Verwey,Landsberg,VL,10H,10,H,2531-02-01,vlandsberg,vlandsberg@sla.co.ac,0821175744
718,718-VL,Vass,Letsholo,VL,10H,10,H,2532-11-05,vletsholo,vletsholo@sla.co.ac,0825114841
719,719-VL,VanGreunen,Levey,VL,10H,10,H,2533-08-15,vlevey,vlevey@sla.co.ac,0829513780
720,720-VL,VanderMerwe,Liebenberg,VL,10H,10,H,2534-01-10,vliebenberg,vliebenberg@sla.co.ac,0829323595
721,721-VL,Vanda,Liebenberg,VL,10H,10,H,2535-03-22,vliebenberg,vliebenberg@sla.co.ac,0820303448
722,722-VL,Van Niekerk,Lottering,VL,10H,10,H,2536-10-28,vlottering,vlottering@sla.co.ac,0822001397
723,723-VL,Van Eyk,Ludik,VL,10S,10,S,2537-12-23,vludik,vludik@sla.co.ac,0827543258
724,724-TL,Tladi,Lukhele,TL,10S,10,S,2538-07-09,tlukhele,tlukhele@sla.co.ac,0822306105
725,725-TM,Tiltmann,Machete,TM,10S,10,S,2539-02-11,tmachete,tmachete@sla.co.ac,0826187862
726,726-TM,Themba,Maharaj,TM,10S,10,S,2540-03-22,tmaharaj,tmaharaj@sla.co.ac,0824378903
727,727-TM,Tetsa,Makowe,TM,10S,10,S,2541-02-27,tmakowe,tmakowe@sla.co.ac,0821979689
728,728-TM,Tantsi,Malapela,TM,10S,10,S,2542-01-16,tmalapela,tmalapela@sla.co.ac,0821476684
729,729-TM,Taljaard,Malapile,TM,10S,10,S,2543-11-23,tmalapile,tmalapile@sla.co.ac,0825293209
730,730-SM,Sukdaven,Malatji,SM,10S,10,S,2544-09-27,smalatji,smalatji@sla.co.ac,0829981558
731,731-SM,Strydom,Malatji,SM,10S,10,S,2545-01-28,smalatji,smalatji@sla.co.ac,0824124718
732,732-SM,Steenkamp,Malebana,SM,10S,10,S,2546-11-18,smalebana,smalebana@sla.co.ac,0825049976
733,733-SM,Stappard,Malefofana,SM,10S,10,S,2547-08-06,smalefofana,smalefofana@sla.co.ac,0822886260
734,734-SM,Spohr,Maloma,SM,10S,10,S,2548-09-13,smaloma,smaloma@sla.co.ac,0822713789
735,735-SM,Solomons,Manyakoana,SM,10S,10,S,2549-11-12,smanyakoana,smanyakoana@sla.co.ac,0829867828
736,736-SM,Smith,Martiens,SM,10S,10,S,2550-02-12,smartiens,smartiens@sla.co.ac,0824740956
737,737-SM,Smith,Marx,SM,10S,10,S,2551-02-17,smarx,smarx@sla.co.ac,0822326009
738,738-SM,Smit,Masemola,SM,10S,10,S,2552-01-06,smasemola,smasemola@sla.co.ac,0823625718
739,739-SM,Smallwood,Masondo,SM,10S,10,S,2553-05-11,smasondo,smasondo@sla.co.ac,0822812346
740,740-SM,Smallwood,Matadin,SM,10S,10,S,2554-09-01,smatadin,smatadin@sla.co.ac,0828757537
741,741-SM,Smal,Matjila,SM,11F,11,F,2555-07-12,smatjila,smatjila@sla.co.ac,0826952984
742,742-SM,Slabbert,Matlhake,SM,11F,11,F,2556-07-14,smatlhake,smatlhake@sla.co.ac,0827974645
743,743-SM,Singh,Matshoba,SM,11F,11,F,2557-08-26,smatshoba,smatshoba@sla.co.ac,0829153264
744,744-SM,Shilenge,Mavengedza,SM,11F,11,F,2558-02-09,smavengedza,smavengedza@sla.co.ac,0825438829
745,745-SM,Shampandle,Maziku,SM,11F,11,F,2559-07-08,smaziku,smaziku@sla.co.ac,0820187733
746,746-SM,Serage,McKenna,SM,11F,11,F,2560-04-10,smckenna,smckenna@sla.co.ac,0827613793
747,747-SM,Sequeira,Meyi,SM,11F,11,F,2561-11-07,smeyi,smeyi@sla.co.ac,0825179724
748,748-SM,Seebran,Mills,SM,11F,11,F,2562-03-19,smills,smills@sla.co.ac,0821156890
749,749-SM,Sebata,Mkhabela,SM,11F,11,F,2563-02-15,smkhabela,smkhabela@sla.co.ac,0822318810
750,750-SM,Samigramni,Mkhonta,SM,11F,11,F,2564-11-08,smkhonta,smkhonta@sla.co.ac,0821564697
751,751-RM,Rugnanan,Mochaka,RM,11F,11,F,2565-09-29,rmochaka,rmochaka@sla.co.ac,0824940671
752,752-RM,Rozycki,Mojapelo,RM,11F,11,F,2566-04-04,rmojapelo,rmojapelo@sla.co.ac,0829608094
753,753-RM,Roman,Mokgatle,RM,11F,11,F,2567-02-06,rmokgatle,rmokgatle@sla.co.ac,0826427573
754,754-RM,Roddan,Mokoena,RM,11F,11,F,2568-09-28,rmokoena,rmokoena@sla.co.ac,0827495060
755,755-RM,Richter,Mokoena,RM,11F,11,F,2569-06-27,rmokoena,rmokoena@sla.co.ac,0829427518
756,756-RM,Reddy,Mokoena,RM,11F,11,F,2570-10-24,rmokoena,rmokoena@sla.co.ac,0827019200
757,757-RM,Ramugumo,Molalugi,RM,11F,11,F,2571-04-09,rmolalugi,rmolalugi@sla.co.ac,0822467048
758,758-RM,Ramlakan,Molobi,RM,11F,11,F,2572-03-04,rmolobi,rmolobi@sla.co.ac,0824263856
759,759-RM,Ramjattan,Moloi,RM,11F,11,F,2573-07-11,rmoloi,rmoloi@sla.co.ac,0821422833
760,760-RM,Ramchuran,Monyanyedi,RM,11L,11,L,2574-02-04,rmonyanyedi,rmonyanyedi@sla.co.ac,0823654354
761,761-RM,Rall,Morrey,RM,11L,11,L,2575-02-19,rmorrey,rmorrey@sla.co.ac,0829080559
762,762-RM,Radebe,Morrey,RM,11L,11,L,2576-06-03,rmorrey,rmorrey@sla.co.ac,0826422009
763,763-PM,Poulton,Mothekhe,PM,11L,11,L,2577-04-27,pmothekhe,pmothekhe@sla.co.ac,0829961875
764,764-PM,Pontes,Motsaanaka,PM,11L,11,L,2578-05-28,pmotsaanaka,pmotsaanaka@sla.co.ac,0826847182
765,765-PM,Pillay,Mtetwa,PM,11L,11,L,2579-03-02,pmtetwa,pmtetwa@sla.co.ac,0828705916
766,766-PM,Pietersen,Mtetwa,PM,11L,11,L,2580-08-19,pmtetwa,pmtetwa@sla.co.ac,0823143765
767,767-PM,Phasha,Mukwe,PM,11L,11,L,2581-05-26,pmukwe,pmukwe@sla.co.ac,0829941019
768,768-PM,Pailman,Munezi,PM,11L,11,L,2582-11-07,pmunezi,pmunezi@sla.co.ac,0829418514
769,769-PM,Padayachee,Murimwa,PM,11L,11,L,2583-09-08,pmurimwa,pmurimwa@sla.co.ac,0829719105
770,770-ON,Oxley,Naidoo,ON,11L,11,L,2584-09-21,onaidoo,onaidoo@sla.co.ac,0826850133
771,771-NN,Nyembe,Naidoo,NN,11L,11,L,2585-05-18,nnaidoo,nnaidoo@sla.co.ac,0827444982
772,772-NN,Norton,Naidoo,NN,11L,11,L,2586-03-30,nnaidoo,nnaidoo@sla.co.ac,0828228975
773,773-NN,Nkente,Naidoo,NN,11L,11,L,2587-03-04,nnaidoo,nnaidoo@sla.co.ac,0822411910
774,774-NN,Nhlapo,Naidu,NN,11L,11,L,2588-02-15,nnaidu,nnaidu@sla.co.ac,0823987505
775,775-NN,Nhlapo,Nainaar,NN,11L,11,L,2589-04-30,nnainaar,nnainaar@sla.co.ac,0826551067
776,776-NN,Nhlapo,Narain Singh,NN,11L,11,L,2590-08-15,nnarain singh,nnarain singh@sla.co.ac,0822783221
777,777-NN,Neto,Ndhlovu,NN,11L,11,L,2591-11-14,nndhlovu,nndhlovu@sla.co.ac,0820005990
778,778-NN,Nene,Ndlela,NN,11L,11,L,2592-11-12,nndlela,nndlela@sla.co.ac,0829734942
779,779-NN,Neave,Neave,NN,12G,12,G,2593-01-12,nneave,nneave@sla.co.ac,0827125459
780,780-NN,Ndlela,Nene,NN,12G,12,G,2594-11-25,nnene,nnene@sla.co.ac,0828879544
781,781-NN,Ndhlovu,Neto,NN,12G,12,G,2595-07-15,nneto,nneto@sla.co.ac,0822354432
782,782-NN,Narain Singh,Nhlapo,NN,12G,12,G,2596-10-23,nnhlapo,nnhlapo@sla.co.ac,0823404972
783,783-NN,Nainaar,Nhlapo,NN,12G,12,G,2597-03-13,nnhlapo,nnhlapo@sla.co.ac,0827026219
784,784-NN,Naidu,Nhlapo,NN,12G,12,G,2598-06-27,nnhlapo,nnhlapo@sla.co.ac,0820126080
785,785-NN,Naidoo,Nkente,NN,12G,12,G,2599-08-12,nnkente,nnkente@sla.co.ac,0826018496
786,786-NN,Naidoo,Norton,NN,12G,12,G,2600-07-30,nnorton,nnorton@sla.co.ac,0820822599
787,787-NN,Naidoo,Nyembe,NN,12G,12,G,2601-11-14,nnyembe,nnyembe@sla.co.ac,0820862552
788,788-NO,Naidoo,Oxley,NO,12G,12,G,2602-01-23,noxley,noxley@sla.co.ac,0829036254
789,789-MP,Murimwa,Padayachee,MP,12G,12,G,2603-03-15,mpadayachee,mpadayachee@sla.co.ac,0825076480
790,790-MP,Munezi,Pailman,MP,12G,12,G,2604-04-27,mpailman,mpailman@sla.co.ac,0825562512
791,791-MP,Mukwe,Phasha,MP,12G,12,G,2605-10-12,mphasha,mphasha@sla.co.ac,0822897899
792,792-MP,Mtetwa,Pietersen,MP,12G,12,G,2606-06-09,mpietersen,mpietersen@sla.co.ac,0820142333
793,793-MP,Mtetwa,Pillay,MP,12G,12,G,2607-10-25,mpillay,mpillay@sla.co.ac,0826417508
794,794-MP,Motsaanaka,Pontes,MP,12R,12,R,2608-05-14,mpontes,mpontes@sla.co.ac,0823778763
795,795-MP,Mothekhe,Poulton,MP,12R,12,R,2609-04-15,mpoulton,mpoulton@sla.co.ac,0821519505
796,796-MR,Morrey,Radebe,MR,12R,12,R,2610-07-08,mradebe,mradebe@sla.co.ac,0820281384
797,797-MR,Morrey,Rall,MR,12R,12,R,2611-07-20,mrall,mrall@sla.co.ac,0822377891
798,798-MR,Monyanyedi,Ramchuran,MR,12R,12,R,2612-11-15,mramchuran,mramchuran@sla.co.ac,0828537288
799,799-MR,Moloi,Ramjattan,MR,12R,12,R,2613-06-26,mramjattan,mramjattan@sla.co.ac,0820235430
